관객,전체스크린수,전체영화상영횟수,평균개봉기간,최고점유율,점유율편차,관객수,스크린수
25385.74,5150.0,24524.0,14.3,44.8,14.356234662480636,,5069.0
20000.84,5102.0,23140.0,15.3,45.9,14.655629419585175,20136.84,5072.0
,4998.0,22674.0,,44.8,,6750.6,4880.0
7943.88,5014.0,23420.0,9.0,45.2,13.582996336364234,8034.88,4995.0
2578.85,2542.0,11050.0,14.3,48.1,14.34092822038456,2661.85,2572.0
2478.01,2224.0,9979.0,16.3,,15.47567625519336,2598.01,2205.0
3301.92,2183.0,10768.0,12.8,36.0,11.539155563173205,3387.92,2150.0
3281.59,2400.0,11304.0,17.2,39.4,13.991838891137775,3328.59,2421.0
6004.64,2450.0,,,31.0,9.767861132874028,,2563.0
2553.36,2377.0,10868.0,18.3,29.0,8.671594752728911,2631.36,2354.0
2311.73,2381.0,10695.0,19.3,28.5,8.548814082796639,2389.73,2374.0
1201.25,2183.0,,,28.9,7.904351825278134,1295.25,2216.0
1089.74,2172.0,9713.0,21.4,28.6,7.8904231684858175,1168.74,2158.0
,2187.0,9819.0,22.9,41.3,12.0809491900816,1249.83,2179.0
,2223.0,9950.0,24.9,,,1396.92,2165.0
5632.66,2138.0,11672.0,21.6,48.1,14.206418737082661,5691.66,
2050.2,,10782.0,22.0,26.8,8.538806838324792,2165.2,2082.0
1180.08,2024.0,9819.0,26.4,23.8,7.944033400399741,1277.08,2034.0
1439.91,1931.0,9471.0,10.5,21.7,6.945542135467581,1508.91,1943.0
1959.33,1957.0,10031.0,11.5,21.7,7.339996972448662,2056.33,1991.0
4565.19,2137.0,10794.0,,19.7,8.053494755556606,4633.19,
1089.02,1920.0,9097.0,14.5,19.5,6.728125048382102,1200.02,1877.0
2162.2,2037.0,10080.0,15.4,69.3,21.115334080552298,2325.2,
,2199.0,10953.0,15.0,66.8,20.279406631687557,2423.5,2235.0
6003.43,,11557.0,25.8,66.8,20.270232690655853,,
1358.83,2171.0,10052.0,18.0,59.4,17.895874757421986,1460.83,2101.0
1175.64,2164.0,9777.0,20.0,55.6,16.6708128176163,1245.64,2241.0
,2008.0,9785.0,13.1,39.8,11.881900334355425,1132.02,2026.0
975.67,2039.0,9745.0,15.3,37.9,11.322489910694456,1064.67,2004.0
1171.54,,9933.0,6.3,25.9,8.320182957390086,1236.54,2130.0
3323.77,2079.0,10967.0,12.1,22.5,6.289850731314871,3425.77,2132.0
1151.12,2042.0,9687.0,13.8,23.0,,1258.12,1954.0
8808.34,2687.0,12281.0,11.9,66.0,,8865.34,2651.0
2127.32,2418.0,10362.0,14.5,57.7,17.852198744132334,2217.32,2407.0
4957.21,2427.0,11920.0,14.6,52.5,16.195421163608767,5000.21,2381.0
3475.69,2317.0,11133.0,12.9,48.2,15.663492586265686,3620.69,2304.0
8715.66,2554.0,13355.0,12.4,37.6,12.008242539559607,8770.66,2540.0
1869.44,2444.0,11008.0,15.4,26.8,,1972.44,2456.0
6576.74,2558.0,11884.0,14.3,,13.615110070147145,6672.74,2599.0
2417.08,2340.0,10486.0,10.8,37.5,11.040350235990402,2472.08,2345.0
6121.44,2610.0,11145.0,11.0,25.5,,,2643.0
1951.33,2330.0,10251.0,14.8,,10.855050028033547,2016.33,2392.0
1861.1,2321.0,10117.0,15.8,37.1,11.001237304150028,1973.1,2313.0
3231.41,2476.0,11431.0,10.5,40.1,12.459717314431966,,2480.0
2128.91,2450.0,10326.0,13.5,38.3,11.789378458784178,2231.91,2401.0
4674.08,2508.0,9988.0,13.6,,11.165203884290593,,2465.0
2144.73,2294.0,,14.9,35.2,,2323.73,2297.0
3712.19,2398.0,11805.0,12.6,36.2,11.361831816314757,3761.19,2420.0
2716.93,2443.0,10787.0,20.4,47.3,,2796.93,2404.0
3894.22,2579.0,11339.0,,38.6,12.676838021455598,,2558.0
4839.87,2655.0,11754.0,14.3,40.2,13.137347102398145,4957.87,2591.0
10209.41,2836.0,12311.0,,37.3,11.847404779106688,10258.41,2878.0
4899.92,2934.0,11749.0,7.0,32.2,,4970.92,2973.0
5677.08,2785.0,12847.0,7.8,29.2,9.736808740262099,5764.08,2782.0
11739.97,,13547.0,9.8,30.7,10.609199362398234,11815.97,2982.0
6496.49,2803.0,12682.0,9.1,20.8,,6613.49,2791.0
6977.2,2836.0,12975.0,10.1,22.5,8.27433112436018,7059.2,2800.0
4795.91,2821.0,12459.0,13.1,,9.596301370840749,4902.91,2865.0
4745.97,,12404.0,14.1,30.2,9.48802754352382,4839.97,2776.0
5679.51,2599.0,11310.0,10.0,27.9,9.150130539445263,5755.51,2633.0
4939.69,2524.0,12081.0,11.0,28.5,9.584130401635589,5019.69,2514.0
2934.79,,11430.0,15.0,30.2,9.124423878312053,3030.79,2496.0
4439.31,2199.0,9935.0,17.2,,6.692823685776348,4498.31,2187.0
1304.87,2143.0,,15.4,31.4,8.475382652783951,1430.87,2115.0
,2598.0,11157.0,17.5,33.0,11.150590417850829,,2546.0
1382.95,2323.0,8407.0,13.3,24.3,7.6210308430757,1456.95,2281.0
6809.19,2983.0,13517.0,7.7,25.8,7.6216723157643615,6898.19,2997.0
6456.32,2972.0,13631.0,13.7,19.0,,6515.32,2946.0
1307.71,2500.0,10431.0,20.9,23.1,7.038694639080617,1399.71,2457.0
2168.41,2350.0,,20.2,,7.221611085254223,2278.41,
4463.47,2416.0,11935.0,21.2,21.2,6.612521791604505,4530.47,2359.0
1065.23,2159.0,9715.0,,18.9,6.2006809661878615,,2117.0
1938.23,2265.0,11144.0,,28.0,7.6947384620921335,1985.23,2208.0
1107.59,2246.0,10272.0,22.8,31.5,8.488816171881684,1178.59,2207.0
1474.18,2219.0,10088.0,10.0,25.9,7.196264463054581,1546.18,2208.0
4195.27,2287.0,11522.0,,25.3,6.972557318197932,,2248.0
1852.27,2151.0,9552.0,12.7,48.2,13.997714099094894,1968.27,2233.0
2261.52,,10305.0,13.0,50.1,,2351.52,2168.0
4947.72,2331.0,,15.7,46.5,13.667414613679586,4997.72,2296.0
5113.03,2337.0,,8.0,40.0,,5183.03,2253.0
1289.68,2110.0,9707.0,11.2,42.1,12.733874334056996,1332.68,2143.0
1223.65,2126.0,9531.0,12.2,,12.733664917148644,1324.65,2076.0
6499.74,2418.0,12098.0,10.7,49.0,15.04764285712402,6556.74,2478.0
5461.83,2390.0,11560.0,11.7,46.0,14.249931773715815,5520.83,2337.0
1482.49,2213.0,10187.0,13.2,39.7,12.834281350265696,1533.49,2208.0
4508.82,2345.0,11807.0,9.6,30.5,8.708877973399074,4608.82,2305.0
1511.37,2172.0,10402.0,9.7,,6.803953099322317,1573.37,2151.0
5012.27,2468.0,11885.0,10.2,34.6,10.361686906848496,5050.27,2499.0
1410.05,2268.0,9843.0,10.5,24.9,,1523.05,2208.0
5328.05,2686.0,12102.0,11.3,,10.360871906681727,,2663.0
4526.51,2561.0,11587.0,12.1,37.0,,4585.51,2568.0
1646.45,2339.0,10093.0,14.3,39.0,11.223789219530294,1748.45,2325.0
1831.23,2355.0,10533.0,9.7,30.2,11.227624662213984,1917.23,2375.0
7235.97,2611.0,12346.0,11.3,,11.95281928621398,7298.97,2588.0
3261.58,2821.0,10815.0,18.0,37.8,11.666328566529494,3391.58,2837.0
15042.38,3077.0,12905.0,10.5,23.7,8.817684251296118,15161.38,3054.0
3340.81,2830.0,11036.0,21.6,28.4,9.195294690462315,3418.81,2863.0
7161.77,2744.0,12646.0,10.3,32.4,10.010355749034208,7250.77,2733.0
7003.4,2694.0,9048.0,,24.5,8.509576304898435,7094.4,2699.0
1765.75,,8082.0,27.5,22.6,8.545232588993702,1860.75,2626.0
1723.44,2515.0,7840.0,26.6,,8.511143022858652,,2484.0
2457.69,2398.0,8829.0,10.6,21.9,6.97124251638273,2531.69,2371.0
6048.62,,8888.0,14.5,27.6,8.015741457351973,6198.62,2600.0
5372.92,2451.0,,25.2,27.8,8.168503194860392,5488.92,2443.0
3449.85,2512.0,8927.0,8.1,31.0,10.916674300251785,3522.85,2548.0
8308.91,2832.0,9573.0,,29.7,11.282060489506732,8382.91,2807.0
6964.15,2812.0,12227.0,15.1,39.4,12.861056635353794,7050.15,2852.0
1694.82,2484.0,10381.0,12.8,48.5,14.59765582398611,1769.82,2529.0
2663.27,2332.0,11612.0,9.7,31.9,10.224268514992485,2775.27,2201.0
,2714.0,12256.0,9.2,27.1,9.059678679609878,7071.1,2769.0
6459.0,2730.0,11734.0,9.6,25.8,8.827079547241734,6525.0,2764.0
2332.32,2425.0,11035.0,11.5,30.6,9.256445202008043,2475.32,2440.0
3739.43,2596.0,,11.0,18.8,5.042309876325423,3826.43,2621.0
7337.2,2738.0,10056.0,11.7,17.0,4.671426144361293,7458.2,2826.0
1474.92,2507.0,9860.0,13.0,,6.888186344104747,1559.92,2511.0
1934.11,2360.0,9946.0,11.5,27.8,7.747465535400737,1998.11,2371.0
4918.72,2549.0,10327.0,13.5,20.3,5.860640844746512,5041.72,2557.0
1254.65,2327.0,9086.0,14.5,27.7,7.645594228777193,1359.65,
1534.16,2294.0,,15.8,28.9,9.01197351675351,1628.16,2315.0
1944.69,2178.0,10834.0,7.3,16.5,5.175637373524369,2056.69,2137.0
1225.32,2206.0,9267.0,,15.9,4.788423540164343,1324.32,2227.0
1038.68,2186.0,8587.0,16.2,16.5,5.086463517131634,1148.68,2232.0
1499.84,2239.0,9562.0,12.6,40.0,11.163636404764256,1582.84,2244.0
1385.67,,,11.1,25.5,,1483.67,2397.0
1744.59,2377.0,10025.0,11.9,,9.586802270714557,1870.59,2333.0
1341.2,,,11.9,32.3,10.168518956946377,1421.2,2139.0
,2213.0,8969.0,11.6,31.0,9.678894564980034,,2289.0
5699.75,2728.0,10072.0,10.4,43.3,12.802538810720314,5822.75,2791.0
5760.05,2879.0,11868.0,10.2,22.8,,5838.05,2850.0
1738.36,2407.0,10487.0,15.2,39.9,11.654512716826329,1824.36,
1644.76,2392.0,,16.9,47.2,13.768486562517399,,2406.0
1598.09,,9939.0,17.1,48.4,14.105554461511488,,2416.0
7946.29,2691.0,11176.0,14.6,64.5,20.399153032526726,8085.29,2727.0
2065.57,2434.0,9954.0,20.5,51.4,17.47982964575011,2130.57,2399.0
11170.16,2670.0,12492.0,11.2,,15.866120438777015,11238.16,
2118.78,,11280.0,9.3,20.6,7.9083359676848435,2178.78,2761.0
1943.35,2639.0,11022.0,,22.5,8.300709474362888,2043.35,2654.0
5855.39,2593.0,10651.0,19.4,84.7,26.34371947078764,6027.39,
3327.18,2411.0,9493.0,,75.3,,3419.18,2384.0
9409.92,,11122.0,22.8,72.2,,9531.92,2545.0
3674.73,,10694.0,18.6,55.3,17.554565724556607,3718.73,2556.0
,2736.0,11328.0,14.1,30.5,10.910973069957297,3781.18,2673.0
3367.02,2720.0,11414.0,18.8,23.7,9.69687807721869,3509.02,2692.0
7028.7,3093.0,11934.0,19.4,19.7,6.6212536577297785,7129.7,3092.0
5776.98,3091.0,11762.0,20.8,,6.9338541471055875,5848.98,3108.0
6439.84,3636.0,12761.0,20.3,,,6556.84,3714.0
4498.28,2845.0,12431.0,11.5,30.2,9.056250143777321,4606.28,2838.0
5136.08,3017.0,12490.0,10.4,30.0,8.349823684099896,5213.08,3108.0
11540.34,3404.0,,9.7,33.3,9.065741374353596,,
11018.26,3145.0,12553.0,12.4,,11.097647398335278,11070.26,
3340.99,2903.0,,16.8,35.1,11.245053233409893,3394.99,2944.0
2782.18,2528.0,10411.0,,34.4,11.055018970786277,2859.18,2524.0
2201.56,2507.0,9839.0,,35.9,11.904042263963206,2286.56,
2555.54,2454.0,10144.0,13.6,27.4,9.396388194998707,2621.54,2330.0
6980.53,3002.0,11691.0,15.5,28.3,8.745513135316877,7048.53,2985.0
6554.16,2906.0,11269.0,16.1,26.9,7.94869660873893,6630.16,2880.0
2018.87,2610.0,11096.0,10.0,30.3,8.326297029425637,2179.87,2562.0
5049.44,2785.0,11696.0,13.1,24.7,7.808400035289631,5161.44,2740.0
1326.26,2602.0,10746.0,17.4,22.4,6.713336643494714,1503.26,2642.0
1226.25,2607.0,10622.0,18.4,21.7,6.410486201009508,1341.25,2657.0
1163.9,2495.0,9864.0,23.0,21.3,6.156378805759113,1267.9,2531.0
,2373.0,9803.0,18.6,64.2,19.38297076187125,2334.3,2322.0
2526.42,2432.0,10023.0,23.4,,20.574474476885182,2593.42,2460.0
3177.62,2601.0,10948.0,13.8,39.7,14.375476803686665,3274.62,2562.0
,2876.0,10688.0,15.1,32.5,11.277529280239827,5183.57,2953.0
6848.67,3060.0,11892.0,14.8,36.4,11.764074313112971,6959.67,3056.0
5879.36,2878.0,11413.0,15.4,37.9,11.837773814737673,5988.36,2958.0
1606.79,2456.0,10194.0,18.2,37.2,12.255252842035626,1679.79,2416.0
7647.41,2701.0,12497.0,9.2,29.5,,7810.41,2782.0
1872.74,2443.0,10004.0,6.0,41.5,12.243274797936122,1943.74,2446.0
2463.16,2360.0,10028.0,7.6,41.8,12.47185720821972,2543.16,2376.0
6185.23,2687.0,,,43.5,13.241974508693517,6358.23,2717.0
6324.17,2632.0,11941.0,13.8,31.1,11.700735969255192,6452.17,2614.0
2104.88,2241.0,9453.0,11.3,24.4,7.9009211839857985,2163.88,2237.0
,2513.0,11104.0,13.6,29.3,9.142234105755797,5334.79,2490.0
1646.83,2477.0,,13.5,27.0,8.203122711639892,1684.83,2406.0
5991.51,2921.0,11603.0,14.8,22.8,7.4244042035558495,6096.51,2923.0
3023.53,2640.0,11485.0,,35.3,11.997596981618164,3119.53,2684.0
7059.21,2983.0,12475.0,18.9,,10.848251267165391,7091.21,3057.0
1815.39,2565.0,10652.0,18.6,33.8,11.566810757988176,1951.39,2631.0
5840.85,2960.0,11846.0,9.0,37.5,12.41001387768944,5983.85,2972.0
4356.45,2907.0,11364.0,14.0,35.9,10.928840540311473,4447.45,2862.0
3230.08,3133.0,11267.0,653.3,29.7,8.409419322006325,,3180.0
8248.45,3059.0,12347.0,13.7,34.2,10.009795202700207,,3092.0
8979.01,3125.0,13387.0,8.2,22.2,7.617822669386718,,3190.0
10033.02,3302.0,13215.0,,37.4,11.14383237490586,10171.02,3315.0
2914.58,3021.0,,16.2,51.8,15.817743201860374,3011.58,3111.0
7866.93,,12051.0,472.1,39.1,11.162581342244373,8013.93,
2291.55,2933.0,10969.0,475.1,39.2,11.596474560064461,2341.55,
,2772.0,11076.0,11.5,30.8,9.859282146507649,,2812.0
2512.24,2890.0,10974.0,16.5,26.1,8.796520776862735,2594.24,2900.0
6265.85,3084.0,11819.0,13.6,22.7,7.522418346368258,6385.85,3132.0
2228.16,2776.0,10521.0,,18.5,6.276941930590085,2325.16,2740.0
7031.47,3013.0,,11.9,34.6,9.59942706623682,7127.47,2958.0
6090.56,3043.0,11783.0,13.9,37.5,10.748648493854681,,2997.0
1504.76,2516.0,9826.0,15.8,36.7,11.002065462650387,1582.76,2554.0
6974.52,2969.0,11807.0,14.3,35.3,,7041.52,3041.0
5687.36,2982.0,12411.0,11.8,36.0,,5806.36,3051.0
1903.59,2441.0,11327.0,14.3,32.1,11.465096791760828,1994.59,2464.0
1984.19,2482.0,11436.0,16.6,32.4,11.336122205880926,2049.19,
2928.1,2673.0,11654.0,585.8888888888888,30.9,9.675679706241718,3001.1,2609.0
5416.1,2781.0,11965.0,527.2,27.5,8.937039032401428,5517.1,2767.0
1613.7,2621.0,10727.0,529.3,29.3,8.91525534002127,,
,2973.0,11108.0,,27.1,8.228027980290566,2589.95,
3970.26,2699.0,10926.0,14.6,62.1,19.12600324166029,4091.26,2730.0
6389.86,2792.0,,533.4,62.9,19.2699795306355,6478.86,2757.0
3326.74,2883.0,,13.4,34.3,12.088217403736579,3406.74,2845.0
7649.05,,12134.0,17.8,30.3,12.013584903026334,7751.05,3180.0
2381.54,2435.0,10858.0,12.9,,14.229484257070675,2507.54,2400.0
9180.71,3082.0,13522.0,13.0,,9.291387888194578,9261.71,3088.0
2753.06,,11444.0,13.7,19.8,6.604409301536528,,2889.0
3081.27,2908.0,11897.0,14.7,,6.209499890400907,3140.27,2912.0
2036.86,2892.0,11267.0,19.7,16.6,5.306432155622289,2073.86,2885.0
9172.62,3130.0,12777.0,17.0,71.4,21.71605908589821,9250.62,3118.0
4268.0,2874.0,11697.0,10.6,40.8,15.706647566485277,4324.0,2813.0
10880.65,2994.0,13277.0,9.1,,14.763859778376233,10983.65,2992.0
2641.93,2609.0,11631.0,,43.7,13.569884958162975,2711.93,
,2677.0,11426.0,17.7,43.1,13.39882250216206,2798.65,
6151.88,3060.0,11420.0,9.8,71.5,22.033058495512304,6248.88,3100.0
,3187.0,12295.0,14.0,64.8,19.883482815867268,12017.58,3169.0
4333.83,,11406.0,10.8,68.3,20.93369426440435,4394.83,3012.0
7390.05,3054.0,11670.0,9.3,57.4,18.56091772156395,7458.05,2986.0
13765.5,,12898.0,,54.2,17.512170371233577,13838.5,3395.0
8883.13,3284.0,12202.0,,55.1,17.093172776157022,9000.13,
9063.47,3298.0,12274.0,8.8,53.7,16.423658409610063,9180.47,
10165.41,3474.0,12799.0,10.0,53.3,16.30112811365452,10243.41,3520.0
,3435.0,12297.0,12.3,57.5,17.56493033797111,6514.33,
4072.06,3137.0,12627.0,16.4,28.5,9.991112717477137,4142.06,3214.0
3896.46,2796.0,12462.0,11.2,28.2,9.352385316651102,,2747.0
7937.03,,12998.0,16.1,25.6,8.761031141747338,7993.03,2958.0
2282.34,2741.0,11971.0,15.2,30.6,9.70037799950772,2376.34,2833.0
2758.89,2767.0,11575.0,14.6,33.3,10.073336642399633,2874.89,2841.0
2060.59,2869.0,11608.0,16.4,,7.065164934773677,2154.59,2820.0
3052.95,2901.0,11267.0,7.1,58.0,18.044589832473946,3174.95,2836.0
4099.95,2975.0,,8.1,61.2,18.886573714325923,4194.95,3035.0
,3215.0,,16.2,60.2,18.333745449913454,8144.7,3345.0
7241.71,,12235.0,15.8,60.5,18.356618546029782,7301.71,3315.0
,2832.0,10877.0,,61.3,18.69041643909163,2569.43,2891.0
6444.23,2960.0,13038.0,14.4,,16.33742805816006,6510.23,3050.0
15260.13,,13920.0,16.5,47.9,15.089275072786705,15331.13,3488.0
3971.36,2939.0,12715.0,,35.8,12.52772924356206,4032.36,2905.0
6490.44,,13147.0,14.3,37.3,12.231652927275743,6619.44,3116.0
2325.91,2857.0,12116.0,13.9,39.9,,2384.91,
2148.77,2699.0,11263.0,10.9,,12.50821951980199,2254.77,2760.0
1991.35,2839.0,11323.0,14.2,32.8,12.513796830343347,2056.35,2790.0
2018.42,2809.0,11204.0,14.7,33.2,12.063300635490364,2125.42,2812.0
,2489.0,,10.4,30.6,11.226338079118529,2171.05,2491.0
8266.18,2982.0,12358.0,13.8,45.1,14.413963137643073,,3065.0
2172.97,2619.0,10595.0,12.0,44.1,,2222.97,
2994.0,2732.0,10952.0,10.8,42.8,14.257769811579928,3062.0,2753.0
8175.98,3087.0,11606.0,14.6,49.5,15.533265378964382,,
2892.32,2683.0,10608.0,12.777777777777779,57.6,17.775201202174273,2970.32,
2858.17,2738.0,,,58.4,18.02542648593924,2917.17,2804.0
4765.79,2775.0,11770.0,12.6,41.3,13.887344358563784,4844.79,2764.0
10536.62,2872.0,12968.0,18.8,35.8,,10664.62,2879.0
3253.9,2662.0,11423.0,15.7,33.0,12.513796830343347,3382.9,2761.0
2896.26,2659.0,11705.0,19.4,21.4,8.731049319653524,2982.26,
2863.69,2491.0,11451.0,19.0,20.4,8.595147209650076,2938.69,2526.0
3442.07,2772.0,11319.0,17.5,31.5,8.741986806975477,3498.07,2697.0
3373.84,2840.0,10819.0,21.4,33.8,11.616922522290013,3479.84,2791.0
2895.36,2947.0,10584.0,22.8,29.5,10.557377620518373,2963.36,2989.0
,2957.0,,20.6,,14.086735289310687,4667.26,2917.0
2869.88,2722.0,10034.0,23.4,,12.890392632585796,2911.88,2724.0
11983.63,3445.0,12527.0,,24.4,7.514319663149817,,3403.0
3954.87,3176.0,11081.0,5.3,31.9,10.213150564073967,4116.87,3131.0
10044.85,3551.0,12907.0,9.9,29.8,9.05394327842233,10181.85,3466.0
4697.53,3399.0,11794.0,7.1,27.8,10.318160904174949,4811.53,3321.0
4704.69,3406.0,11870.0,8.1,27.5,10.126318844147331,4815.69,3397.0
10671.02,3518.0,13081.0,10.1,,10.599942347851602,10776.02,
9685.06,3310.0,12595.0,13.0,33.0,10.935690802749194,9771.06,
8999.86,3282.0,,14.0,,10.89487137244962,9077.86,3344.0
3911.2,2964.0,11017.0,11.6,25.7,8.80265111580975,4009.2,2992.0
3697.23,3189.0,11582.0,,35.0,9.837597945298096,3814.23,3190.0
12292.79,3610.0,12438.0,15.7,42.6,12.376393299790983,12366.79,3682.0
5637.39,3762.0,11593.0,17.3,47.1,14.904003936302937,5721.39,3809.0
6274.07,2957.0,11547.0,14.5,42.8,16.563493995330013,6365.07,2969.0
7050.32,3104.0,12127.0,17.1,47.6,17.654149653834935,7196.32,3216.0
13309.63,3365.0,12696.0,17.8,41.9,15.903266610633453,13405.63,3352.0
4514.73,2958.0,11486.0,21.2,43.3,17.28641406165869,,2939.0
8024.03,3001.0,13442.0,423.3,36.6,14.576007683861858,8145.03,
14106.17,3281.0,14076.0,425.3,37.6,14.172747714461643,14200.17,3272.0
,3040.0,12983.0,489.5,36.9,11.998819386367426,5565.77,2988.0
3940.87,3030.0,12735.0,493.5,,13.248601603355894,4030.87,3072.0
3973.23,3086.0,12710.0,494.5,43.0,13.211362954332573,4024.23,3075.0
3752.26,3062.0,,495.5,41.9,12.798784664525336,3799.26,3088.0
7733.48,3397.0,12562.0,12.4,31.7,,7823.48,3363.0
1849.73,2928.0,10978.0,16.1,36.6,11.170939481032422,1947.73,2980.0
1912.18,2962.0,11025.0,17.0,34.6,10.359000380774626,2048.18,2962.0
2697.26,,10961.0,14.2,27.4,10.13146912676867,2778.26,
6032.07,3178.0,11823.0,17.2,25.5,9.456238387670037,6153.07,3252.0
6462.36,3061.0,11792.0,13.6,31.2,,6541.36,3028.0
2645.54,2695.0,11281.0,15.5,46.8,14.319563152864996,2718.54,2699.0
2048.73,2696.0,11183.0,16.1,28.5,,2107.73,
2863.22,2828.0,,18.6,29.1,11.021010238025674,2934.22,2842.0
3321.49,2823.0,11537.0,678.5,35.1,12.98544484327656,3401.49,2874.0
6111.89,,12419.0,678.8,34.9,,6202.89,3066.0
1545.59,2862.0,10761.0,13.9,24.6,8.52466356455719,1593.59,2921.0
3492.8,2890.0,11015.0,11.7,81.3,,3594.8,2913.0
,3104.0,11971.0,371.7,77.7,,7250.98,3158.0
4876.54,2849.0,11596.0,375.0,78.6,24.415286650420928,4976.54,2867.0
9784.22,3333.0,12631.0,375.7,71.9,22.09474799333292,9914.22,3345.0
2407.4,2725.0,10855.0,375.0,70.0,21.638278838925967,2490.4,2727.0
1690.04,2392.0,10914.0,11.5,47.9,,1792.04,2395.0
2271.45,2429.0,10926.0,13.2,44.0,15.53610847885231,2392.45,2475.0
2117.79,2852.0,11448.0,8.9,32.7,11.30703320946746,2230.79,2831.0
3611.12,,12096.0,10.9,36.3,12.07674073029088,3690.12,2965.0
7288.12,,12594.0,12.5,33.8,10.86507657077891,7346.12,3613.0
2444.63,2939.0,11300.0,11.6,35.6,11.633973239325135,2526.63,2987.0
6683.79,3122.0,12717.0,13.7,,,6734.79,3098.0
1635.3,2830.0,11222.0,16.4,31.2,9.84051150432063,1717.3,
14172.2,3476.0,,9.6,62.6,18.82648548071455,14261.2,3527.0
,3399.0,12996.0,10.6,69.2,21.081115825412194,7462.97,3364.0
,2801.0,11982.0,,46.6,18.118143147439557,,
8442.88,2958.0,12271.0,17.6,46.3,17.996172432554157,8533.88,2948.0
2541.49,2669.0,11081.0,20.6,39.9,16.07046981267193,2611.49,2678.0
9574.59,3164.0,13552.0,12.7,,,9623.59,3075.0
3060.7,2726.0,11753.0,12.9,56.6,,3141.7,2690.0
,,11921.0,10.0,56.4,17.402158231412304,3231.59,2852.0
3643.29,2744.0,12474.0,739.2,40.9,13.20387569364894,3708.29,2701.0
4390.56,2798.0,12913.0,737.3,44.3,,4481.56,2845.0
8233.47,2995.0,13623.0,742.5,46.5,14.302121054817938,8321.47,2990.0
4227.73,2873.0,12334.0,9.3,49.4,15.519024167489109,4310.73,2959.0
3708.25,2866.0,11998.0,14.2,51.6,15.89165049815643,3795.25,2915.0
4689.48,2829.0,12500.0,9.9,47.8,16.507156697088153,4760.48,2760.0
,3103.0,13653.0,16.9,,16.261764971859606,11543.99,3105.0
3227.63,2842.0,12531.0,12.4,40.9,15.471841806614,3304.63,2817.0
10685.29,3456.0,14119.0,14.5,30.2,,10787.29,3461.0
3531.29,2926.0,12708.0,12.6,40.4,12.812584959067914,3612.29,2936.0
,3651.0,14539.0,8.1,48.9,15.52544864264977,12385.91,3644.0
14600.62,4074.0,14969.0,13.1,,14.796410976239397,14642.62,4044.0
,4060.0,14656.0,13.9,43.1,14.31929933108926,13623.21,4072.0
4605.76,,13853.0,14.4,44.2,14.074440979622915,,3359.0
6554.38,3358.0,14252.0,11.2,33.5,,6633.38,3381.0
3678.58,3118.0,13324.0,12.9,31.7,11.812653291186438,3730.58,
4328.56,3016.0,12825.0,10.8,30.3,10.467813100696398,4407.56,2960.0
5269.61,3101.0,13266.0,11.6,,10.515602164825788,5310.61,3076.0
1847.33,2776.0,11916.0,,,13.966483690129975,1944.33,2761.0
1708.7,2861.0,11984.0,19.3,47.7,14.157640261631801,1762.7,
11246.47,3628.0,13161.0,13.0,60.4,18.1835365097112,11314.47,3606.0
3544.25,3285.0,12243.0,14.0,66.7,20.33946355678482,3661.25,3244.0
11437.82,4089.0,13472.0,14.0,46.3,13.946281862122884,11512.82,4116.0
,3096.0,11882.0,10.3,,13.075460476276412,2714.85,3150.0
3431.48,,12019.0,11.6,37.7,13.057330848565064,3519.48,2985.0
6907.58,3523.0,13384.0,12.3,36.3,,6945.58,3401.0
2085.53,2922.0,11403.0,14.0,38.1,12.580712751403768,2147.53,3013.0
8238.92,,13134.0,11.3,27.6,9.352694204820816,8396.92,3347.0
5810.29,,12810.0,14.3,30.0,,5912.29,
3023.82,2784.0,,12.0,,11.683302425066106,3075.82,2744.0
,2678.0,,10.7,47.5,14.923002378878053,2670.09,2612.0
6368.41,3455.0,12993.0,15.5,45.0,14.47130877902126,6503.41,3393.0
5954.43,3421.0,12583.0,16.5,45.5,14.526145011285305,6011.43,
2112.44,2717.0,11311.0,,44.6,14.418587540625007,2185.44,2725.0
2236.63,2769.0,11187.0,15.0,,13.351525089749945,2305.63,2772.0
7212.59,2965.0,13469.0,16.1,45.3,14.134685469911714,7256.59,2956.0
2120.63,2848.0,12614.0,13.2,46.1,14.134516459913144,2229.63,2884.0
3008.17,2850.0,13120.0,6.5,33.1,12.064622294589713,3118.17,2860.0
2282.13,2792.0,,10.1,,12.014972141272551,2357.13,2763.0
,3099.0,12988.0,12.7,38.7,12.658348145701233,6391.64,3037.0
1836.31,2797.0,11344.0,16.2,29.7,10.389931023190996,1913.31,2866.0
1797.39,2818.0,11414.0,15.2,30.3,10.403209974703854,,
2674.59,3015.0,11773.0,7.8,21.5,7.104184995088773,,2905.0
3377.04,3135.0,12254.0,8.8,24.2,7.366206622135983,3479.04,
6788.1,3328.0,,12.6,21.3,6.150013550120574,6887.1,3379.0
5865.15,3461.0,12436.0,9.4,19.9,6.169782996363993,5959.15,3518.0
1889.57,2858.0,11266.0,11.0,22.2,7.01126870750857,1940.57,2878.0
1876.3,3089.0,,,22.2,,1975.3,3119.0
3116.71,3188.0,12055.0,,27.9,,3201.71,3200.0
2316.05,,,,36.2,,,3038.0
3170.0,3089.0,11018.0,15.1,29.1,12.293828623428187,3313.0,3081.0
5029.49,3626.0,12124.0,4.5,44.3,13.151717251624087,5128.49,3635.0
,3554.0,,14.8,31.4,8.853473894466507,3193.07,3611.0
3684.44,3543.0,12201.0,18.2,49.4,14.93180423719042,3863.44,3468.0
5829.03,3320.0,13250.0,14.3,38.3,13.048541851273818,5902.03,
6187.46,3321.0,,15.8,40.3,13.581151153958439,6268.46,3268.0
,3711.0,13909.0,12.4,36.5,13.95048386257624,6327.55,3684.0
12468.8,,14099.0,16.2,41.7,14.158860594459336,12506.8,3952.0
3450.89,3485.0,12775.0,18.4,35.8,13.151176542212653,3507.89,3495.0
9713.24,3901.0,14142.0,11.6,32.3,11.12222999222728,9812.24,3902.0
,3448.0,13068.0,,,9.648402285698221,3531.24,3477.0
3397.98,3621.0,13166.0,13.6,25.8,9.437401949453863,3469.98,3616.0
3797.85,3486.0,13143.0,,,7.918585732313568,3901.85,3479.0
3133.41,3286.0,12858.0,14.6,21.4,8.267399161095884,,3240.0
3596.34,3441.0,12980.0,15.9,22.8,8.006913679231634,3659.34,3413.0
3667.22,3145.0,12599.0,12.7,29.3,8.495521696099003,3799.22,3074.0
7107.48,3572.0,13877.0,17.5,40.8,12.561249937804757,7217.48,3627.0
,3265.0,12242.0,19.5,41.3,12.368890186449404,1923.37,3236.0
1657.72,3285.0,12152.0,21.5,,10.637799480051207,1723.72,3290.0
2314.6,3168.0,12194.0,16.2,27.0,9.735279485801458,,3154.0
1618.99,2969.0,11420.0,20.1,29.5,9.770568048992851,1698.99,2936.0
2859.08,,10986.0,14.0,60.3,18.272836549248602,2920.08,2997.0
7476.13,3585.0,12766.0,14.7,54.8,16.668199929473158,7532.13,3662.0
1645.1,3166.0,11205.0,,45.5,13.662849060296486,1740.1,3066.0
2433.03,2992.0,11436.0,17.0,,16.915016339861392,,3023.0
7036.48,3268.0,12183.0,17.2,62.9,19.34551340463439,7121.48,
1654.95,2918.0,10902.0,20.7,56.3,17.162543194086616,1739.95,2939.0
1824.28,,11668.0,6.5,46.1,13.282524023860994,1956.28,3027.0
5081.57,3525.0,12626.0,8.9,56.4,16.589019125781835,5179.57,3473.0
1404.78,2902.0,,9.7,49.2,14.322263166909838,1500.78,2959.0
2900.3,3315.0,12327.0,11.0,30.9,10.895972752454105,2996.3,3263.0
1476.39,3167.0,11406.0,14.0,28.7,10.239927300089152,1614.39,3143.0
2472.8,,10907.0,11.5,77.4,23.839612226525645,2531.8,3053.0
2370.16,3233.0,11043.0,11.6,72.8,22.307111471954908,2462.16,3288.0
7644.24,3451.0,,10.9,,15.36955504307858,7784.24,3487.0
7103.44,3393.0,13297.0,20.2,31.4,12.668701590928723,7187.44,3389.0
3748.75,3024.0,12693.0,,27.8,10.218610473053564,3817.75,2956.0
4127.28,3101.0,13128.0,15.5,30.1,,4237.28,3101.0
3501.7,3278.0,12094.0,6.7,60.7,18.27798919161757,3595.7,3250.0
2555.41,3328.0,11745.0,12.2,54.0,16.079607513175745,2648.41,3393.0
4282.35,3205.0,12808.0,10.1,35.4,12.043827372466685,4342.35,
8289.52,3398.0,13402.0,14.5,,12.894482023977027,8339.52,3389.0
2409.54,3105.0,12268.0,12.4,32.0,11.870242906809725,2518.54,3107.0
10245.41,3814.0,14947.0,8.1,43.3,12.974950224695787,10336.41,3850.0
2447.95,3012.0,12386.0,12.5,32.3,9.923266711230845,2534.95,
9051.13,3331.0,12178.0,15.5,78.2,24.21803964908069,9137.13,3222.0
,3261.0,,17.0,38.4,14.39475598959566,5278.08,3301.0
9006.2,3377.0,13227.0,14.8,41.3,16.214273547299815,9111.2,3428.0
3517.61,3127.0,12557.0,14.7,38.3,,3665.61,3153.0
10706.84,3391.0,13467.0,18.8,,15.574698142250533,10799.84,3379.0
3093.86,3034.0,12511.0,15.2,44.5,14.968945631985349,3159.86,2990.0
4287.91,3140.0,13061.0,,44.7,,4350.91,3131.0
8841.26,3394.0,13770.0,12.9,49.6,15.660598115440333,8971.26,3293.0
8004.32,3348.0,13361.0,13.9,,15.592291542796257,8072.32,3334.0
2530.1,2957.0,12401.0,15.4,39.1,13.062601408431464,2607.1,2946.0
11672.63,3489.0,14444.0,6.4,59.5,18.264050907604137,11754.63,
18363.51,3808.0,15032.0,7.5,,20.724556019906004,18493.51,3821.0
11444.84,3665.0,14689.0,6.7,60.9,19.22439422539325,11545.84,3645.0
18506.46,,15192.0,8.9,59.0,18.830778587786067,18605.46,3992.0
9024.07,3659.0,14357.0,10.9,57.6,18.785337071473826,9099.07,3680.0
,3602.0,14660.0,,41.6,14.287931970722704,8784.12,3620.0
,3693.0,,7.2,42.4,14.413223095477296,10087.44,3721.0
15874.71,,15616.0,9.2,42.7,,15982.71,4012.0
6451.75,3570.0,14253.0,11.2,40.1,13.908734266240366,6613.75,3492.0
9557.37,3685.0,13007.0,13.1,36.3,,9618.37,3732.0
3583.14,3090.0,11800.0,12.9,33.0,11.42258970442148,3656.14,3058.0
3409.15,3331.0,12169.0,13.5,32.9,10.906272405261927,3462.15,3354.0
3920.66,3192.0,12200.0,13.2,32.6,,4014.66,3155.0
4700.48,3458.0,14031.0,12.3,24.8,9.136258655610742,4807.48,3429.0
8725.56,3667.0,14417.0,14.3,25.9,9.97287432098802,8845.56,3689.0
,3232.0,13353.0,13.6,25.8,9.352890224714262,2648.44,3170.0
6641.55,3806.0,14425.0,11.6,28.2,9.85565263637517,6698.55,3717.0
,3768.0,14183.0,17.1,29.4,8.562456812543155,4368.89,3724.0
2274.94,3485.0,13276.0,19.0,30.8,9.481918465045867,,3428.0
2770.6,3616.0,12666.0,25.5,,11.036248356111678,2854.6,
1942.2,3195.0,11898.0,17.9,33.8,10.795451717171344,2025.2,3144.0
1669.33,3046.0,11082.0,20.7,,11.39610557261656,1809.33,3033.0
2061.14,3344.0,13422.0,19.5,,8.930154907204393,2100.14,3426.0
1763.54,,12666.0,,26.8,8.140980011985999,,2949.0
1703.16,3015.0,11150.0,15.4,33.5,10.211545753051624,1902.16,3056.0
1287.97,3127.0,10821.0,12.6,,10.309052117219878,,
3318.6,3142.0,10985.0,10.6,67.6,20.794734910548872,3420.6,3270.0
9495.09,3670.0,12417.0,11.9,72.1,22.19628597561113,9624.09,3596.0
9854.46,3661.0,12896.0,8.3,76.1,23.54382202522682,9949.46,3531.0
8227.44,3598.0,,8.3,45.6,14.126161702474045,8378.44,3642.0
,3801.0,12645.0,374.1,,11.219769258867235,6626.32,3670.0
2279.21,3601.0,11726.0,376.8,27.1,9.090929545431532,2415.21,3631.0
3225.92,3545.0,,379.4,,13.948062390326635,3316.92,3562.0
5083.27,3800.0,13685.0,14.222222222222221,39.7,13.051730408902365,5162.27,
20375.32,4278.0,16834.0,10.888888888888891,,8.578584446813535,20472.32,
,4066.0,,11.888888888888891,36.0,10.957716712689537,9121.84,4034.0
11796.05,4275.0,,13.9,39.2,11.24684647159174,12020.05,4265.0
,4333.0,15944.0,16.7,42.9,12.752254702600634,,4422.0
12439.2,4305.0,15526.0,17.7,,12.87749544317096,12500.2,4345.0
,3993.0,14707.0,18.7,42.0,12.50393715772934,4880.7,4006.0
4866.34,3991.0,,19.7,41.0,12.117187058976278,4926.34,
4299.52,3932.0,14323.0,,40.6,11.708539144098587,4426.52,3909.0
4837.2,4069.0,,13.0,40.3,,4893.2,4032.0
11849.31,4305.0,15524.0,14.0,27.5,9.634573161277048,11939.31,4290.0
10751.64,,15098.0,15.0,28.7,9.642752027645773,10875.64,4288.0
4565.67,3969.0,13985.0,9.4,27.5,9.290831801058266,4669.67,4050.0
5016.6,4058.0,14363.0,10.4,29.4,9.560340533219053,5143.6,4072.0
7703.11,4221.0,14250.0,13.8,31.4,,,
1872.86,3703.0,12595.0,16.8,20.0,7.5843479174767126,1992.86,3699.0
,3932.0,13532.0,12.1,33.2,11.047795154589796,4042.05,3907.0
8191.41,4344.0,14072.0,12.6,31.4,,8266.41,4237.0
3358.32,3952.0,13340.0,15.1,,11.242558032365725,3466.32,4029.0
11235.31,4557.0,14599.0,,37.8,11.895638790002925,,4513.0
3882.58,3646.0,12852.0,14.2,27.7,8.069971774699367,3970.58,3614.0
7356.32,3979.0,13382.0,15.2,32.2,9.556550981743712,,4099.0
1767.97,3503.0,12102.0,19.1,39.5,11.40253870367862,1855.97,3499.0
2379.75,3451.0,13141.0,8.1,,9.327766196803083,2561.75,3498.0
1706.78,3465.0,12506.0,,34.2,,1794.78,3477.0
6188.72,3787.0,13941.0,9.7,22.3,8.486093198744507,6271.72,3765.0
1818.56,3624.0,,12.3,25.6,8.824492431107107,1893.56,
1544.72,3383.0,12400.0,12.8,,8.58699921716286,1581.72,
2353.72,3161.0,12777.0,12.2,46.6,,2414.72,3259.0
7254.28,3594.0,14475.0,14.2,,14.394613189971066,7327.28,3544.0
6471.22,,14053.0,15.2,49.9,15.031167619316873,6509.22,
2032.42,3188.0,12771.0,22.6,51.0,15.344419905041125,2141.42,3280.0
2634.98,3598.0,13091.0,,47.1,15.790577359087706,2734.98,3634.0
,3733.0,13564.0,11.8,45.6,15.80863336562933,3939.0,3716.0
5674.66,3777.0,14278.0,15.1,43.2,14.022842476156931,5742.66,3828.0
5052.1,,,,43.2,13.938216847534294,5140.1,3831.0
1825.53,3418.0,,30.0,37.2,12.298328703075429,1933.53,3449.0
,3390.0,12725.0,15.0,34.2,10.895789196851332,1743.93,3525.0
4602.26,3534.0,13260.0,21.5,41.8,,4706.26,
1477.12,3223.0,12097.0,19.5,37.0,11.819574160405836,,3229.0
1217.17,,11735.0,19.7,34.4,11.041442136081884,1278.17,3270.0
7119.72,3612.0,13439.0,16.7,91.3,28.613470021419396,7201.72,3526.0
12785.12,3730.0,14126.0,21.2,90.6,28.36875432975904,12867.12,3769.0
4939.65,3225.0,13244.0,15.3,70.0,,4982.65,
6423.35,3948.0,14223.0,,53.3,,6547.35,3954.0
1671.62,3164.0,12232.0,277.7,44.3,13.748458499450445,1776.62,3212.0
1615.0,3271.0,12322.0,279.5,40.7,12.314742745542391,1672.0,3281.0
7583.25,3532.0,14043.0,10.9,36.6,14.336081131962885,7668.25,3510.0
2401.0,3352.0,13436.0,280.6,42.2,15.332249961727369,2457.0,3460.0
3271.13,,13820.0,13.5,24.6,,3366.13,3548.0
8904.25,3747.0,15364.0,13.4,30.0,,9001.25,3758.0
10582.55,3850.0,15402.0,14.4,31.1,11.044375139509805,10631.55,3775.0
2365.23,3360.0,13544.0,12.1,32.4,,2468.23,3288.0
3559.41,3480.0,13665.0,8.9,30.6,9.70933113613451,3643.41,3459.0
2445.63,3419.0,13648.0,8.7,,13.084511624223676,2524.63,3415.0
,3770.0,14338.0,13.1,49.5,,5334.17,3782.0
9091.63,,14738.0,14.8,,22.00974531631134,9202.63,3451.0
2116.52,3255.0,13406.0,17.8,65.1,19.875713823659265,2210.52,3246.0
,3545.0,15572.0,14.0,45.8,17.03356164230553,10606.23,3533.0
10121.18,4092.0,15070.0,6.7,41.8,14.355444186014509,10227.18,4175.0
11966.96,3599.0,14812.0,9.2,44.7,15.808664993885126,12055.96,3520.0
6079.04,,15252.0,9.6,25.7,,6184.04,3945.0
,4155.0,15621.0,10.888888888888891,26.2,10.13190779446574,12828.21,4095.0
5424.91,3965.0,15213.0,11.1,29.4,9.543380486552502,5485.91,3970.0
14516.37,4448.0,15227.0,346.3,65.9,20.45979526344832,14644.37,4361.0
9357.78,4118.0,15101.0,342.5,51.8,16.431206758955827,9447.78,4133.0
11179.7,3911.0,15405.0,11.0,43.0,15.146675469481009,11247.7,3972.0
17682.81,4309.0,16126.0,10.4,40.5,13.87557406219849,17754.81,
8412.37,4022.0,15250.0,12.1,50.0,15.83501394589429,8485.37,
,4047.0,14185.0,19.3,40.8,12.773653440665367,4347.29,4009.0
4778.02,3910.0,14805.0,15.3,39.2,,4939.02,3932.0
10195.23,4136.0,15108.0,,,,10254.23,4128.0
3957.91,,,11.4,43.7,13.432253885496822,4075.91,3523.0
,3720.0,14165.0,11.7,,,5099.69,3695.0
9253.76,3955.0,14513.0,17.3,45.9,14.451005347572035,9390.76,3901.0
2268.3,3497.0,,14.9,32.2,10.130262692656206,2323.3,3545.0
4022.14,3388.0,13713.0,17.2,53.9,17.863087328031767,4111.14,3433.0
2691.05,3310.0,13435.0,20.1,51.5,16.957427084712275,2800.05,3271.0
2736.34,,13236.0,21.6,48.4,16.14320978684915,2812.34,3145.0
,3826.0,15349.0,9.7,33.9,10.607235476053336,,3803.0
11215.58,,16010.0,10.7,36.6,10.951311438463527,11334.58,4241.0
14602.81,4510.0,16025.0,11.7,38.6,11.577761249721625,14702.81,4594.0
4191.41,3847.0,14007.0,13.3,26.3,10.747511339840496,4239.41,3800.0
11340.31,3930.0,14792.0,18.1,47.8,14.34734199154053,11405.31,3904.0
9420.42,4054.0,14471.0,20.1,48.0,14.45766232832957,9507.42,4048.0
2774.4,3509.0,13362.0,19.6,46.6,14.388054458859653,2870.4,3547.0
2922.75,3564.0,13165.0,22.1,44.4,13.66341831314551,3046.75,3583.0
7133.29,,14390.0,,48.3,14.618743676071027,7196.29,4120.0
1980.57,3782.0,12723.0,14.6,38.8,11.988160826415367,2040.57,3787.0
2900.25,3605.0,13611.0,,,11.391224692718511,,3522.0
6728.38,3825.0,14350.0,,32.7,12.413182956482641,6780.38,3855.0
3441.57,,13449.0,7.2,26.7,9.395176067181142,3546.57,3824.0
,3609.0,12782.0,12.1,28.2,8.628125842589196,1748.48,3739.0
,3607.0,12816.0,13.6,27.4,8.316623246379638,1798.09,
4190.82,3689.0,14286.0,375.7,62.8,18.75545550262939,4261.82,3689.0
,3636.0,13592.0,377.5,49.0,17.858098069690023,4525.18,
4963.01,3706.0,13942.0,378.5,48.3,,5059.01,3605.0
,3799.0,14434.0,379.5,48.7,17.927248038174238,,3765.0
2451.87,3436.0,12970.0,381.4,50.9,,2515.87,3509.0
2507.08,3455.0,12978.0,383.6,,17.237800839369786,2634.08,3524.0
8319.19,4235.0,15580.0,374.3,56.0,16.62336040369429,8464.19,4280.0
7650.48,4231.0,15166.0,375.3,55.6,16.47929677571899,7700.48,4173.0
6811.11,3987.0,,10.0,46.6,13.984133866636146,6960.11,3965.0
2218.65,3477.0,13039.0,11.0,,12.815286011461295,2304.65,3450.0
2269.02,3582.0,12987.0,11.8,40.9,12.056717813917869,2338.02,3617.0
2536.04,3817.0,12194.0,9.1,35.1,10.031777287976222,2614.04,
3031.19,3954.0,13039.0,10.2,38.8,11.315986724786994,,3992.0
5815.14,4201.0,,11.2,39.0,11.465620107279172,5884.14,4191.0
5238.67,3716.0,14287.0,817.7,34.9,14.206528233331476,5360.67,3764.0
6008.67,3793.0,14729.0,450.5,37.8,14.169905512113418,6073.67,3686.0
11191.73,3819.0,15546.0,,36.1,14.355037830361548,11292.73,3824.0
8783.77,4610.0,15562.0,9.0,32.2,9.631199302267603,8853.77,4540.0
10310.6,5215.0,15479.0,9.7,27.1,10.006714412499909,10396.6,5269.0
3096.85,4678.0,14161.0,12.7,23.7,9.07595112860844,3151.85,4698.0
8658.48,4909.0,14949.0,8.9,20.4,7.057856142861892,8728.48,4866.0
8048.07,4852.0,,9.9,22.8,7.490742434647063,8157.07,4813.0
2525.96,4522.0,13372.0,11.9,19.9,6.797254347651457,2607.96,4438.0
2291.24,4474.0,13202.0,12.9,18.4,6.206591478241321,2413.24,4395.0
3686.04,4463.0,,9.3,33.4,9.922477289243627,3793.04,4468.0
7760.94,4603.0,13893.0,11.7,,10.619191222603641,7815.94,
,4089.0,12222.0,,32.2,9.45845300952187,2259.32,4013.0
1893.32,4215.0,,13.2,26.9,8.89187519280632,1945.32,
12509.86,4541.0,16558.0,15.5,75.6,23.534560874500194,12594.86,4580.0
16517.83,4698.0,16994.0,16.5,70.9,22.14111559971629,16602.83,4628.0
4867.04,4264.0,15838.0,,42.8,13.143819840518205,4998.04,4262.0
5421.26,4377.0,16333.0,7.3,44.4,,5467.26,4387.0
10356.03,4584.0,16931.0,8.3,45.0,13.67757288410484,10427.03,4599.0
,4044.0,15488.0,10.1,36.1,11.106534613060507,3975.09,4092.0
9837.72,4992.0,15860.0,7.7,29.8,9.454358195503746,9947.72,4985.0
,4776.0,15400.0,9.7,34.2,10.354365692252175,,4648.0
11412.12,4966.0,15273.0,10.7,,11.307401705667546,11552.12,
2601.93,3834.0,12962.0,10.5,32.8,10.128644748654406,2688.93,3802.0
2165.56,3554.0,,10.3,20.4,6.8518934933669575,2247.56,
6246.73,,14516.0,13.3,23.6,7.950269038075238,,4186.0
1507.39,3647.0,13052.0,16.3,17.8,7.034589145390402,1578.39,3647.0
,3604.0,13215.0,,20.8,6.803112032984121,2122.96,3558.0
1097.78,3242.0,,17.6,22.7,6.795227083115847,1184.78,3210.0
3246.15,4094.0,13495.0,15.3,70.1,21.42707529168541,3332.15,4138.0
,3919.0,12450.0,17.4,50.7,15.31291756800266,1626.23,3909.0
1319.11,4057.0,12380.0,19.0,44.8,13.527769792377288,1382.11,4152.0
2033.82,3912.0,12311.0,10.2,32.3,9.9931142960207,2075.82,3953.0
,,13986.0,13.2,37.5,13.04106761137463,3847.72,4144.0
848.51,3644.0,10737.0,13.1,22.1,8.06471050661805,932.51,3651.0
1407.73,3456.0,12555.0,,,8.871051547339562,1544.73,3556.0
,3820.0,14430.0,1366.0,,9.84055666898756,4150.58,3775.0
4302.35,4143.0,15180.0,638.2,28.3,9.136526205900747,4450.35,4152.0
1933.53,3652.0,14344.0,1094.6,25.4,7.447005363828397,2053.53,3663.0
7969.02,3860.0,13254.0,1097.5,91.0,28.51190004970634,8027.02,3866.0
12493.57,3968.0,14173.0,642.2,90.9,28.48586589092134,12620.57,3933.0
8051.84,4491.0,15248.0,14.7,65.8,20.576156643606264,8128.84,4480.0
6099.07,3881.0,13343.0,13.9,65.8,20.457981327589483,,3830.0
4034.81,3600.0,12672.0,18.1,70.7,21.75612302063235,4185.81,3668.0
8778.09,4474.0,14063.0,11.8,55.7,16.591644483494296,8883.09,4520.0
2456.6,3848.0,12916.0,18.8,52.3,15.449850772382524,2570.6,3906.0
5242.17,4084.0,12436.0,18.3,57.0,18.0903411920407,5327.17,4038.0
2267.93,,12404.0,14.8,40.2,13.408272736552528,2349.93,4016.0
4616.76,3943.0,13480.0,8.6,60.6,18.40626704866217,4759.76,3925.0
5567.92,4075.0,13757.0,10.6,55.1,16.796626645450768,5647.92,4163.0
11158.72,4639.0,15170.0,12.1,27.7,10.174810945554603,,4620.0
3371.67,4007.0,14396.0,11.5,20.6,7.526575139685602,3482.67,4029.0
,4052.0,14239.0,15.5,21.6,7.955599006709398,3021.06,3949.0
3943.21,4100.0,14633.0,13.4,43.1,12.488790529466375,4082.21,4062.0
3079.07,4113.0,14667.0,252.7,38.6,11.01179165965083,3178.07,4042.0
3474.64,,13642.0,246.4,31.0,11.267652816802617,3596.64,3991.0
4372.57,4103.0,14071.0,247.4,31.8,11.463996782196958,4469.57,4207.0
2582.21,3744.0,13383.0,,34.6,12.041802190702189,2680.21,3783.0
3493.05,3908.0,14185.0,241.6,43.7,13.382081718145018,3596.05,3891.0
10507.41,4252.0,15751.0,7.6,82.4,25.634544834829608,10569.41,4237.0
9570.74,4407.0,16339.0,9.666666666666666,77.1,23.85076052828877,,4358.0
,4548.0,17075.0,9.111111111111109,74.5,22.898736015577608,17322.44,4507.0
,4210.0,15877.0,10.0,70.1,21.410872108450988,7123.24,
10040.38,,16710.0,9.7,40.4,12.180535474454498,10139.38,4957.0
18247.38,5036.0,16815.0,11.7,39.8,12.302434266798134,18318.38,4994.0
10978.05,4760.0,15536.0,13.8,,11.312750918027554,11097.05,4713.0
7765.59,4934.0,14702.0,16.4,30.5,8.719843270762764,7857.59,4969.0
5668.41,,14254.0,,23.5,7.861184530477722,5730.41,4229.0
4889.98,4189.0,13849.0,22.1,23.9,7.6608383643335305,4992.98,4236.0
3689.86,4172.0,13426.0,8.4,74.5,,3775.86,4181.0
9376.44,4826.0,15460.0,11.4,69.2,21.06765820451391,9452.44,4799.0
4523.85,4458.0,13846.0,9.9,,19.65293588471933,4626.85,4560.0
9426.47,,15412.0,3.5,56.4,16.968650833555127,9506.47,4678.0
12803.98,4543.0,15148.0,8.0,57.5,,12897.98,4525.0
1841.98,3430.0,,,40.8,,1960.98,3392.0
2355.38,3598.0,,,41.1,12.160450466802436,2424.38,3672.0
4496.75,4324.0,13191.0,10.2,39.1,11.412838774331693,4621.75,4182.0
6950.37,,14023.0,6.2,67.4,,7107.37,3983.0
4115.15,3718.0,14024.0,9.9,55.3,16.732632787460552,4166.15,3732.0
,3910.0,,8.7,47.3,14.489919867886703,5151.8,3886.0
10341.38,4727.0,15590.0,7.3,41.2,13.3696172969411,10443.38,4746.0
2674.56,3893.0,14096.0,11.5,39.5,13.288763005721126,2786.56,3927.0
9044.0,4250.0,15416.0,8.8,67.4,20.602375806903652,,4297.0
4419.58,3607.0,13901.0,635.7,63.8,19.743997681433324,4470.58,3625.0
10938.29,3825.0,16716.0,444.9,64.3,20.629614635276152,11008.29,
2527.39,3400.0,14511.0,447.7,56.6,18.226601438556774,2620.39,3350.0
5415.95,3942.0,15118.0,447.2,37.8,12.455770639435453,,
2463.09,3836.0,13653.0,,63.9,19.433616350140408,2542.09,3845.0
2325.18,3833.0,13458.0,15.1,60.3,18.260768512487818,,3835.0
2523.98,3617.0,13660.0,17.3,44.7,,2596.98,3609.0
2478.93,3540.0,14237.0,10.9,29.3,11.204582395906892,2631.93,3538.0
3296.28,4319.0,14520.0,9.9,46.4,14.538592320670755,3399.28,4258.0
3969.27,4419.0,,10.5,37.3,12.525352068682318,4046.27,4400.0
16406.73,5196.0,16594.0,13.6,55.0,,16497.73,5269.0
4866.16,4490.0,14975.0,12.2,55.0,16.612993575980088,,4468.0
9843.39,,16511.0,,,10.07135100724382,9901.39,5467.0
3669.37,,15663.0,15.1,38.4,,3827.37,5032.0
4383.53,4752.0,15680.0,12.4,,9.600601832987119,4461.53,4698.0
9313.52,5065.0,16063.0,,30.5,10.524833068087641,9417.52,5034.0
2911.45,4608.0,15004.0,15.4,,9.868068594095694,2958.45,4688.0
6263.83,4652.0,15885.0,11.1,45.7,14.494232569466307,6321.83,4641.0
5414.89,4789.0,16028.0,,43.2,14.02033840136852,,4862.0
12529.75,5130.0,17030.0,,,13.905650330391278,12647.75,5145.0
5905.81,5074.0,16001.0,,31.7,12.031902038608301,5957.81,5064.0
4453.88,4609.0,15027.0,9.1,,12.123462101781545,4510.88,4563.0
9182.32,5180.0,,10.1,36.1,,9234.32,5167.0
2936.57,4591.0,,12.1,40.8,,,4491.0
3224.23,4665.0,14583.0,13.1,39.9,12.102065939334487,3327.23,4597.0
8515.94,4871.0,15928.0,8.8,33.9,10.813206945418381,8636.94,4846.0
7852.84,4911.0,,9.2,34.2,10.910260206694328,7938.84,4951.0
4245.58,4598.0,15107.0,8.0,32.7,9.661728623802267,4323.58,4654.0
9899.64,,15029.0,6.9,36.3,12.11058306697998,9969.64,4550.0
2666.64,4212.0,13907.0,,32.4,11.97332683741472,2814.64,4107.0
3103.53,,14188.0,16.0,37.2,12.663898820400195,3170.53,4168.0
6812.23,4537.0,14996.0,18.2,38.2,12.68455316078926,6928.23,4565.0
2070.03,3842.0,12917.0,17.6,40.4,13.271004316009982,,3892.0
1549.86,3880.0,12573.0,21.6,37.0,,1640.86,3837.0
3686.43,,,18.9,62.3,18.971736287904122,3783.43,
8054.27,4332.0,15070.0,,68.7,21.215615318282264,8139.27,4283.0
3841.41,4284.0,15488.0,5.6,28.1,11.485236900763809,3938.41,4302.0
2581.41,4300.0,15278.0,7.8,21.5,7.58064787615295,2659.41,4235.0
4549.42,5025.0,15773.0,9.8,28.0,9.261155435473482,4615.42,5089.0
,4345.0,14910.0,,63.6,19.384498388603657,6876.58,4363.0
2263.61,3849.0,13445.0,489.2,61.9,,2365.61,3892.0
,4030.0,12940.0,8.6,53.7,16.01391408883051,1811.97,3965.0
4692.03,4288.0,,,57.5,17.427083009563653,4766.03,4311.0
3964.9,3788.0,14434.0,12.2,44.8,,,
5027.08,4422.0,16084.0,12.2,30.2,12.089499576078405,5123.08,4453.0
2681.05,4315.0,15187.0,9.4,25.8,9.071695909071613,2771.05,4338.0
,4170.0,15466.0,,34.9,,6116.87,4180.0
3498.35,4123.0,15293.0,25.2,,11.289444430774953,3617.35,4145.0
5082.67,4223.0,15785.0,12.4,35.9,11.888182741230425,5185.67,4209.0
3460.96,3876.0,15802.0,11.2,61.4,18.6095107106256,,3919.0
6739.26,4839.0,17279.0,13.7,30.4,11.1967703676849,6829.26,4801.0
1902.78,3804.0,15049.0,13.4,28.9,11.126564808800804,2060.78,3822.0
3114.03,4300.0,14972.0,493.3,61.2,18.485790338647803,,4332.0
6462.84,4336.0,15450.0,9.6,48.4,15.282684464597326,6524.84,
6421.36,3694.0,14977.0,555.2,,26.454959627428824,6484.36,3701.0
6519.46,,15322.0,611.2222222222222,81.8,25.486268634087825,6587.46,3749.0
13164.01,3812.0,15768.0,13.5,,25.742606273992106,13275.01,
9627.96,4546.0,16440.0,353.4,65.3,,9691.96,
13341.74,4849.0,17636.0,8.1,71.4,22.096344594625698,13473.74,4877.0
8685.34,,17565.0,9.5,63.0,19.577810568770627,8793.34,4516.0
9293.25,4784.0,18107.0,11.4,62.2,19.41804716122493,9379.25,4823.0
11290.06,5012.0,17805.0,9.8,57.4,,11386.06,4970.0
11514.83,5080.0,18037.0,10.8,,18.802567791542614,11587.83,5047.0
17556.3,,18277.0,11.8,63.5,19.53318828160023,17671.3,5102.0
16555.22,5140.0,17938.0,12.8,65.5,20.134591572162016,16631.22,5081.0
8100.73,,17127.0,13.5,68.3,20.925181533793737,,4728.0
19449.68,5204.0,18112.0,8.8,29.5,,,5289.0
4842.58,4529.0,16771.0,13.8,29.4,10.702149316842855,4906.58,4487.0
9561.74,5124.0,16871.0,14.0,24.6,9.516511966051429,9692.74,5151.0
6459.76,4663.0,15838.0,13.7,31.5,,6536.76,
3325.73,4434.0,14740.0,,40.0,12.610313239567047,3424.73,4425.0
5929.49,,15577.0,14.4,31.7,10.450778812020557,6021.49,4389.0
,3922.0,14349.0,9.7,43.9,13.318495911075445,2591.6,
,3701.0,13576.0,11.7,47.7,14.247650878497677,1704.41,3680.0
3858.62,4119.0,14570.0,11.5,70.3,21.920221511451732,3935.62,4117.0
9612.05,4744.0,16924.0,13.0,64.9,20.227659830593904,9782.05,4746.0
,5282.0,17548.0,8.8,39.2,13.119048915391865,,5269.0
10372.25,,17132.0,12.8,39.4,,10416.25,5506.0
2445.84,4222.0,14688.0,15.5,51.2,14.913994174003902,2503.84,4159.0
3059.43,4051.0,14088.0,9.6,36.1,12.617430624162575,3175.43,4034.0
2277.05,4239.0,14542.0,13.6,44.5,,2353.05,
6465.38,4436.0,15370.0,10.9,64.0,19.69727561533997,,4466.0
9124.6,4195.0,15776.0,12.9,64.1,19.96221152299736,9153.6,4162.0
3704.43,5251.0,15181.0,10.9,41.2,12.404430212181806,3787.43,5266.0
3275.25,,15584.0,,62.1,18.91708222744723,,4057.0
7304.23,4460.0,16016.0,15.7,62.5,,7372.23,4548.0
6651.69,4422.0,16769.0,,36.6,11.969447216420093,6759.69,4360.0
2327.28,3968.0,15466.0,492.4,34.3,11.597360810881836,2446.28,3963.0
2308.29,4099.0,15361.0,495.6,32.8,11.117278843713908,2375.29,4102.0
2048.62,4383.0,13782.0,490.9,24.3,,2205.62,4414.0
4438.59,4945.0,14421.0,7.2,48.7,15.942762203165007,4528.59,
4970.18,4975.0,14899.0,671.0,,,5039.18,4921.0
7606.92,5028.0,16283.0,4.4,63.9,19.8712550629742,,5089.0
6500.45,4976.0,16152.0,7.6,64.4,19.765952769570426,,
16496.63,5107.0,17754.0,10.1,54.5,17.983004321982587,16649.63,5068.0
5150.61,4663.0,16450.0,15.0,34.6,13.564266782002385,5225.61,4608.0
5789.75,5232.0,16755.0,12.8,31.7,11.446416227118618,5903.75,5285.0
4164.63,4818.0,,15.6,30.5,11.786381029721456,4318.63,4746.0
6062.39,4760.0,16141.0,13.6,30.0,10.467961703322297,6113.39,4799.0
3751.34,4842.0,16456.0,15.3,24.2,7.823504471924472,3832.34,4860.0
3612.04,5222.0,,,26.8,8.474543579974611,3680.04,5145.0
7902.27,5664.0,17817.0,15.3,24.7,8.451009144212044,7997.27,5707.0
2054.69,4795.0,15391.0,745.9,24.0,6.990000794786158,2128.69,
1922.56,4823.0,14851.0,18.7,25.4,6.63081191609796,1992.56,4832.0
1951.28,4651.0,14685.0,20.6,40.0,11.561603118368433,2012.28,4690.0
10453.97,5268.0,18435.0,19.6,54.6,16.727425916075006,10586.97,5243.0
2948.86,,15927.0,13.7,49.8,14.818921838124542,3062.86,4573.0
8199.36,4674.0,16709.0,5.6,28.5,9.434858533945038,8269.36,4560.0
2839.12,4157.0,15805.0,,29.9,9.720911022692837,2919.12,4143.0
5677.93,4494.0,,10.7,34.9,,5751.93,
1542.48,,,,31.9,9.651390228010333,,3794.0
6117.4,4668.0,16569.0,11.8,43.8,,6172.4,4622.0
5459.67,4632.0,16012.0,12.8,46.9,13.942500971250936,5520.67,4665.0
4612.5,4488.0,16627.0,9.4,38.4,13.909453220342236,4700.5,4567.0
2299.0,4235.0,16039.0,11.9,37.8,13.545659411371926,2388.0,4307.0
6417.37,5075.0,18159.0,9.2,28.5,11.624495210067785,6476.37,5024.0
7273.34,5263.0,17988.0,9.3,35.7,10.293385146674431,7313.34,5317.0
1584.92,4550.0,15667.0,206.0,,9.000123455943381,1663.92,4552.0
1449.36,4358.0,14084.0,9.3,26.3,7.124168567473523,1493.36,
1262.78,4407.0,14321.0,,30.0,8.289993968634716,1350.78,4434.0
10232.76,4451.0,14722.0,8.5,95.1,29.93464919156765,10343.76,4386.0
6224.03,4146.0,14708.0,676.9,94.3,,6321.03,4146.0
3566.11,3776.0,15488.0,9.6,77.8,24.386098043306927,3677.11,3774.0
10927.69,5070.0,17579.0,6.6,75.8,23.572415611849753,10998.69,5118.0
1820.69,3773.0,14197.0,,68.6,21.65037592693895,1886.69,
1483.71,3617.0,13949.0,13.1,,17.928156006064253,1552.71,3599.0
4463.47,4372.0,,8.3,79.8,24.772619293620657,4589.47,4370.0
3924.18,4386.0,15604.0,5.5,65.7,20.18703929642868,4022.18,4402.0
8897.32,4973.0,17301.0,8.3,,19.828780990155586,9047.32,4999.0
,4485.0,15747.0,8.5,,15.642140376417661,3160.08,4439.0
2976.65,4630.0,15440.0,11.7,62.3,19.131373302626358,3029.65,4677.0
4486.13,4019.0,16031.0,13.1,68.7,21.383610026788688,,3996.0
,4535.0,17970.0,8.4,44.6,14.894652284181285,9988.6,4453.0
2813.86,3745.0,16403.0,11.7,31.2,13.05967500021004,2888.86,3729.0
,4544.0,18197.0,10.6,,14.376462244469836,8345.14,4677.0
7254.67,4520.0,17725.0,11.6,36.6,14.585247493424461,7341.67,4436.0
3109.11,,15934.0,319.9,40.1,12.86247340997144,3163.11,4376.0
2155.71,4434.0,15234.0,12.3,39.7,12.089430645540483,2226.71,4497.0
2527.76,4290.0,15492.0,16.2,47.3,,2601.76,4399.0
10100.83,4730.0,18109.0,12.9,68.3,,10194.83,4795.0
3566.41,4164.0,17424.0,11.8,45.1,14.71365201286056,3657.41,4277.0
,4088.0,,11.3,,14.07504095119363,3139.18,4197.0
2247.22,4078.0,16360.0,72.8,35.7,12.231489415984194,2434.22,4065.0
6581.3,4944.0,16833.0,8.8,59.9,,6623.3,4954.0
,5262.0,18074.0,10.0,66.5,20.397246546204872,14536.75,5375.0
9427.25,5391.0,,,34.4,12.78725493954386,9500.25,5429.0
18189.99,6011.0,18769.0,7.7,26.3,9.521904571390463,18256.99,5972.0
6759.97,5765.0,18247.0,8.3,25.9,10.074037036968956,6899.97,5745.0
12845.0,6010.0,18849.0,10.7,25.8,,12961.0,6095.0
3938.13,5394.0,17065.0,11.8,27.3,9.88276277161402,4053.13,5363.0
4943.98,5035.0,,12.4,27.6,8.779148275570043,5049.98,5029.0
5338.25,4809.0,16681.0,191.0,29.2,9.565795546866156,5438.25,4857.0
,5185.0,17500.0,16.7,,15.633781088115287,5957.53,5186.0
16039.13,5996.0,,8.2,,,16124.13,5972.0
6877.47,5152.0,18278.0,11.8,43.4,13.510637784106764,,5118.0
,4119.0,16481.0,,40.1,12.655767240449883,2469.74,
4114.86,4529.0,17774.0,7.9,44.3,16.575229175556586,4247.86,4528.0
3222.01,4558.0,,172.4,36.6,13.42437252827028,3281.01,4555.0
,4987.0,18253.0,173.6,36.6,13.581118428825285,6202.13,4989.0
2020.18,4352.0,16380.0,177.6,,,2175.18,4384.0
2826.15,4824.0,,12.9,29.9,10.838967765531098,2927.15,
1423.39,4310.0,14559.0,13.4,23.7,9.037329989180064,,4277.0
1704.05,4330.0,14362.0,630.4,20.4,7.154672133182159,1808.05,4353.0
5598.06,4691.0,16720.0,627.1,50.1,,5676.06,4709.0
3324.72,4496.0,15778.0,625.2,47.2,14.447606491503473,3391.72,
8985.99,4538.0,16981.0,624.2,43.5,16.164188813547064,9155.99,4676.0
,3801.0,14783.0,629.3,39.3,,3034.21,3760.0
5348.46,4053.0,16180.0,,51.0,16.828943321947857,,4019.0
3190.89,4522.0,15242.0,9.9,,13.327398679245533,3335.89,4530.0
3971.9,4118.0,15234.0,9.5,32.3,12.769273015067592,4028.9,4140.0
9839.35,4566.0,16754.0,10.9,40.0,13.987490442852463,10036.35,4519.0
3062.45,4176.0,14555.0,13.0,41.0,13.643398892260434,,4221.0
9972.17,5218.0,17855.0,13.9,41.8,14.930862890893705,10111.17,5197.0
9780.39,5332.0,18263.0,11.7,25.5,10.575553571011463,9895.39,5349.0
5838.75,5430.0,16323.0,12.7,31.5,12.237306348484811,5882.75,5462.0
,6216.0,18429.0,15.7,33.3,10.141581073317253,8645.0,6250.0
2305.95,,,18.2,26.9,9.266672661868563,2393.95,5635.0
3929.97,5825.0,17025.0,,28.0,9.462064609093867,4023.97,5750.0
4217.79,5930.0,17477.0,,31.8,10.890791217048161,4347.79,5917.0
,6077.0,17880.0,18.0,35.4,,9092.99,6058.0
7521.27,6123.0,16643.0,16.7,32.0,10.897522654254956,7580.27,6203.0
2396.98,5439.0,,18.8,,11.075679061198311,2509.98,5462.0
12878.84,5335.0,17910.0,12.5,78.5,24.244176849526387,12979.84,5361.0
4906.92,4465.0,16345.0,20.9,78.0,24.069067285626172,4985.92,4507.0
4544.74,4559.0,16498.0,21.1,74.5,22.931841036718644,4566.74,4574.0
15449.69,5236.0,20392.0,,62.4,19.166373910807668,15489.69,5253.0
13732.74,5277.0,20448.0,22.0,,22.004959037049407,13781.74,5299.0
17889.47,,20051.0,11.5,62.5,19.21251039181386,17952.47,5750.0
6427.47,5072.0,18418.0,11.0,61.7,19.170605392399878,6482.47,5019.0
1567.16,4696.0,15405.0,16.8,25.5,9.699392879052906,1677.16,4673.0
5369.87,4414.0,17287.0,17.5,85.6,26.62957628903121,5447.87,4487.0
11857.32,,18534.0,20.3,84.1,,11973.32,
10251.91,5053.0,18103.0,21.3,82.1,25.421906563696858,10321.91,5183.0
2805.29,4714.0,17059.0,19.8,60.7,19.05141872815659,2883.29,4712.0
7974.95,4870.0,18005.0,12.5,59.0,18.49552798801796,8087.95,4909.0
6834.42,4883.0,17586.0,,59.7,18.555086155074086,6888.42,4847.0
2582.62,4601.0,15899.0,,34.2,12.555370696770895,2645.62,4545.0
3374.98,4957.0,16927.0,,39.1,14.192094826189525,3525.98,5006.0
6701.88,5380.0,17922.0,7.4,,12.980279914804097,6780.88,5436.0
5701.49,5410.0,17742.0,10.0,27.8,9.644710697809678,5781.49,5456.0
1287.67,4607.0,14811.0,13.9,28.7,9.499333309939876,1389.67,4647.0
1159.16,4069.0,12632.0,14.3,29.6,8.027480578889271,1218.16,4058.0
8691.09,4389.0,14966.0,734.5,95.3,30.01010940777568,8778.09,4399.0
,4402.0,15416.0,736.2,95.8,30.174236619267692,11024.64,4450.0
5864.87,4304.0,14905.0,739.2,92.7,29.135219237205,5975.87,4219.0
11736.76,4718.0,16405.0,736.5,78.4,24.37560027750884,11826.76,4735.0
4756.92,4127.0,15098.0,463.0,78.9,24.64194481863079,,4115.0
,5218.0,17417.0,464.1,76.4,23.66324153618857,11997.21,5181.0
,,17196.0,6.8,40.7,14.001920503194473,,5287.0
3657.3,4755.0,16807.0,12.3,47.1,14.67227544270713,3713.3,4800.0
3231.83,5074.0,,6.1,50.9,15.585210225652325,3334.83,4993.0
2531.9,4409.0,16660.0,10.3,49.3,14.978818377962927,2654.9,4394.0
2820.57,4797.0,16822.0,10.3,38.8,12.604408399885779,2916.57,4818.0
6955.87,5091.0,17392.0,14.5,59.6,18.783518188975023,6998.87,5014.0
3098.33,4417.0,16386.0,665.9,47.9,16.82545690315719,3217.33,4504.0
4743.95,4877.0,17789.0,10.5,,11.44923093001835,4822.95,4816.0
11640.73,6041.0,18943.0,13.1,33.5,11.495163234064044,11758.73,6088.0
3840.6,5934.0,17789.0,13.3,28.3,8.528051750937411,3928.6,5853.0
,,18030.0,437.5,79.0,24.403253426085996,8564.84,5348.0
4366.78,4987.0,17317.0,18.8,56.5,17.388450828703007,4449.78,4976.0
4693.26,4933.0,18711.0,20.0,30.6,11.26158169273847,4777.26,4953.0
9744.97,6155.0,19903.0,25.0,37.0,11.817881930927104,9811.97,
4702.14,5711.0,18538.0,17.4,30.8,9.481537615574572,4794.14,5699.0
9443.95,6145.0,,21.4,50.3,,9576.95,6060.0
,,20111.0,21.5,58.3,17.555043593097555,6335.63,5864.0
9020.39,6158.0,19928.0,17.3,36.2,,9152.39,6081.0
7403.8,6406.0,19900.0,14.0,36.9,14.350934928893428,7488.8,6420.0
5055.99,5934.0,18985.0,19.3,38.3,14.929553092961473,5142.99,6035.0
8254.21,5489.0,19028.0,15.8,,15.069100098472294,8333.21,5454.0
11771.1,5650.0,19369.0,18.1,37.9,14.179970224071546,11848.1,5563.0
4130.24,4811.0,18005.0,10.5,20.0,8.059921422280329,4202.24,4719.0
2860.61,4790.0,17603.0,12.1,28.0,9.662441605400664,,4783.0
7220.2,5753.0,18839.0,21.0,22.5,8.425760763542035,7364.2,5817.0
2419.31,,16018.0,13.3,22.6,7.163208467967098,2531.31,5448.0
1957.96,,,12.6,21.4,6.6812257691068755,2092.96,
5908.64,5984.0,17692.0,15.7,20.6,7.403670260980924,6029.64,6010.0
1346.6,5209.0,15071.0,,20.2,6.387661717891942,1407.6,5138.0
6865.6,5345.0,18563.0,8.3,47.6,16.995110407931385,,5294.0
2986.73,,16838.0,10.1,41.8,13.26926272757207,,
3875.12,5532.0,16599.0,5.5,,10.007025310028727,4004.12,5475.0
2077.99,4878.0,16382.0,8.8,30.1,10.419687561961195,2234.99,4882.0
8165.55,5287.0,,11.6,50.7,16.654598964450233,8289.55,5406.0
2576.73,4209.0,16231.0,12.5,,14.902333896257847,2628.73,4296.0
2010.08,4318.0,16196.0,,38.9,13.769467027529506,2146.08,4394.0
3255.58,4567.0,16772.0,18.4,31.0,12.057473477750909,3298.58,4536.0
1693.34,4176.0,15601.0,11.9,30.6,11.737574990885749,1809.34,
2674.6,,16757.0,1042.1,50.0,15.26609897052216,2753.6,4662.0
7744.47,,18316.0,,45.8,15.486323715531135,7822.47,5150.0
2254.67,4454.0,16257.0,14.3,36.6,14.377548083344701,2370.67,4458.0
,,17301.0,13.0,48.5,15.030195533584312,3532.24,
8269.43,5673.0,19445.0,14.4,42.7,13.550498145824749,8360.43,5630.0
7582.87,5702.0,18847.0,15.4,44.4,13.80951362889608,7642.87,
3182.78,5190.0,18287.0,6.7,33.5,11.476357339233465,3307.78,5300.0
7178.85,5848.0,19279.0,8.9,42.9,13.004512037494266,7253.85,5854.0
7281.58,4950.0,19430.0,12.4,81.8,25.44614356287063,7453.58,4879.0
7848.43,5141.0,20134.0,,79.4,,7903.43,5127.0
4312.74,4866.0,18716.0,,71.8,22.168448549934908,4429.74,4877.0
12215.3,5292.0,20505.0,12.8,78.6,24.34931210527312,12280.3,5292.0
8561.74,6201.0,19435.0,8.5,59.7,18.17320677383176,8682.74,6258.0
3637.36,5523.0,17588.0,8.3,32.9,,3708.36,
8851.19,,,10.5,43.2,14.5834914277145,8894.19,5854.0
2391.06,5462.0,16894.0,12.9,,10.689371668468947,2474.06,5410.0
2597.64,5547.0,16906.0,13.7,34.0,10.720017620217693,2705.64,5567.0
,5490.0,19342.0,9.9,57.7,18.194324511903282,7330.49,5464.0
14363.87,5640.0,20416.0,10.8,55.7,17.279432218038238,14478.87,5635.0
13939.82,5580.0,19967.0,13.9,55.9,17.3201360015189,14062.82,5649.0
10974.92,6602.0,20110.0,13.7,42.8,13.294063002374823,11089.92,6647.0
3796.29,,18376.0,17.2,29.9,,3857.29,5606.0
2831.9,5569.0,17328.0,21.0,34.2,10.496856672356731,,5633.0
,5928.0,18854.0,23.0,40.1,12.048554546777249,7307.29,5950.0
,5547.0,18228.0,19.8,39.0,12.545672117861555,5366.14,5576.0
1738.52,4763.0,15984.0,17.0,35.5,11.225288909917245,1834.52,4720.0
5987.84,5232.0,20132.0,,55.6,17.129169403226896,6044.84,5192.0
4409.95,5131.0,18105.0,357.6,46.2,,4526.95,5180.0
4376.51,5055.0,18441.0,363.3,47.5,16.16670103089131,4446.51,5054.0
2267.29,4431.0,17990.0,355.5,41.2,13.777743727556489,2320.29,4434.0
3485.29,5572.0,17723.0,34.0,40.8,13.022698133131499,,5636.0
2100.57,5273.0,,37.0,42.0,13.311548870560985,2207.57,5277.0
2852.92,4945.0,17078.0,34.4,32.7,12.143786705783153,2926.92,4945.0
741.43,4106.0,13018.0,39.2,30.1,11.490677380671112,855.43,4142.0
1237.57,3735.0,11704.0,607.7,,10.087506023679877,1297.57,3757.0
1090.44,3563.0,8828.0,810.3,30.1,9.708329756794765,1155.44,3553.0
,,5625.0,1925.6,23.7,7.640397022842901,413.24,2851.0
280.21,2819.0,5666.0,178.0,20.4,6.7928393670590115,,2902.0
588.27,3192.0,7046.0,407.5,26.2,9.041318733704971,671.27,3192.0
459.06,2525.0,5543.0,533.5,17.0,5.695183149918106,562.06,
397.12,2502.0,5371.0,154.5,16.5,5.486589711894508,480.12,2502.0
256.85,2203.0,3981.0,156.5,,5.713541419781218,357.85,2241.0
246.57,1786.0,3515.0,266.0,19.3,5.221972807282706,314.57,1814.0
199.95,1813.0,3385.0,,17.6,4.534815934032556,292.95,1887.0
,2119.0,4215.0,811.2,20.0,5.892745068679321,476.18,2159.0
285.58,2049.0,4039.0,151.6,20.7,5.943072531200602,347.58,2063.0
108.88,,3013.0,135.2,13.0,3.7404693704281433,181.88,1753.0
104.37,1500.0,2628.0,230.1,16.7,4.84809240836022,229.37,1452.0
327.53,2029.0,4103.0,400.6,14.2,4.011871272998564,425.53,2051.0
136.44,1710.0,2978.0,1467.6,13.2,3.327595060834309,227.44,1694.0
,2262.0,,1715.6,16.6,4.307216167214169,400.38,2246.0
,1819.0,2671.0,1698.9,14.4,3.781666299397661,181.99,1797.0
169.42,1929.0,2852.0,1699.7,,4.256446091909697,234.42,1932.0
605.21,3786.0,6597.0,358.0,14.1,3.5024594533302187,753.21,3765.0
232.21,2615.0,4504.0,250.0,18.6,4.726803006966408,334.21,2593.0
226.9,,4565.0,251.0,19.7,5.186146074987776,300.9,2624.0
650.2,3216.0,6204.0,252.0,23.3,5.894479526547607,743.2,3176.0
556.9,3218.0,6138.0,253.0,19.6,,651.9,3098.0
232.26,2861.0,5458.0,368.4,23.9,7.0607207689992775,328.26,2935.0
210.91,2840.0,5263.0,369.4,23.0,6.840800797827368,310.91,2851.0
751.8,3288.0,,552.4,62.7,19.03063028091526,835.8,3309.0
1518.42,3851.0,10840.0,553.6,64.5,19.569295678008785,1553.42,3855.0
364.44,2820.0,7131.0,285.8,58.9,17.792198664958,512.44,
,,,278.4,28.9,11.029299363261678,746.03,3276.0
934.72,3567.0,,361.9,38.2,11.148696984152203,991.72,3523.0
584.78,3601.0,9521.0,177.6,38.8,13.493718703324316,707.78,3618.0
981.39,3984.0,,249.7,30.4,11.01010142248169,1048.39,3960.0
417.08,3530.0,8816.0,99.6,37.1,12.100638183353984,468.08,3508.0
418.47,3434.0,8494.0,99.9,32.3,10.058942953080773,485.47,3487.0
1937.39,4052.0,12493.0,727.6,73.9,22.761556283445216,2034.39,4070.0
895.22,4040.0,11772.0,532.6,56.5,16.87376662159341,917.22,4088.0
487.4,3735.0,9293.0,537.0,48.2,14.300586623554215,584.4,
4743.69,4296.0,16330.0,291.2,,29.034913849058036,4836.69,4236.0
1576.38,3903.0,13895.0,,87.7,,1614.38,3996.0
1209.09,4067.0,13099.0,50.1,74.3,22.856948858303703,1336.09,4046.0
,3866.0,12238.0,58.4,,21.60561655372664,1025.3,3801.0
3131.41,4199.0,14626.0,174.6,68.4,21.825746773529247,3205.41,4192.0
7221.12,4677.0,18091.0,1275.7,78.4,,7302.12,4650.0
3074.2,,17333.0,418.4,,17.79994069902731,3193.2,4624.0
1237.84,4285.0,14686.0,1226.7,50.4,16.826249334497174,1320.84,4284.0
1066.12,4401.0,13885.0,857.9,45.3,14.884402723806033,1170.12,4408.0
,4294.0,13211.0,174.6,79.4,24.6731432938732,1798.98,4231.0
1164.62,4269.0,12748.0,49.2,78.2,24.271327391251873,1256.62,4178.0
703.92,4029.0,10577.0,705.7,,17.916534883236274,814.92,4072.0
1387.39,4297.0,,335.4,60.2,18.971174039696237,1466.39,4348.0
1170.01,4315.0,11601.0,342.4,50.2,14.952892696732626,1256.01,
,3539.0,8264.0,13.4,42.7,14.714301433186245,492.86,3485.0
1583.68,4559.0,13619.0,15.3,24.7,8.392331155419345,,4505.0
617.16,4070.0,,16.9,26.4,8.728115489611717,656.16,
