rain,temp
2.0,-9.839791545813384
0.8,-3.437129732146565
1.0,-1.9775526263634422
5.9,-1.576064816936642
3.7,-6.10089477558746
2.3,-3.7756443904807195
1.0,-3.8592374681410457
2.0,-5.636805343932992
2.1,-1.4601712779621507
3.0,5.054263640008372
1.0,0.55776734890792
5.4,-0.10044197798716681
1.7,-8.901716096377946
2.1,-8.17586795986934
0.1,-7.269154538166278
3.0,-1.321301101436517
2.0,-7.054390331893076
3.0,2.6945247937916945
4.3,4.405940803883046
11.8,9.019832230641306
3.1,4.731076292311052
1.0,-12.08040317177493
0.1,-3.871609404442558
0.0,-0.4286259190322127
2.0,-0.7686921614952069
0.0,-1.5545350091095183
7.5,3.6032312360086385
3.1,2.6622286947991425
3.0,-1.5723376988112474
2.0,0.1462982226113505
3.0,2.083360022205711
1.2,1.795050239087496
3.0,-5.874337827307002
2.0,-2.7366431909949895
2.1,-1.9058045343339016
2.0,1.2242766180608358
2.0,-0.06925344690944524
0.1,1.1663181660507433
4.7,3.625628856682222
7.9,1.7487622915947845
9.0,9.262301597636998
19.3,-1.79155931389923
5.1,0.5037453511444425
1.9,1.1442292344773297
3.0,-0.11085093499315746
1.1,-4.988480885227893
4.6,-0.3219911691759463
2.4,-4.611314240752384
1.5,-0.29862721407071735
1.1,0.6402547730690485
2.0,0.5125503396664255
4.0,3.696667691655868
0.0,4.015843832464881
1.0,4.09403951666936
1.0,13.558210600827282
35.4,14.13929872224188
7.1,8.465815863612459
3.5,2.9703743478411218
2.1,7.8230012206652475
17.6,8.775016676651164
0.3,3.0685275748074368
3.0,7.18169006595196
8.9,4.965452981522017
3.8,0.9527214345154036
3.3,4.885665041767982
2.9,1.4108079545902887
2.9,0.24326035409148883
9.7,-3.485524598450189
3.9,0.8617039832882853
2.0,2.3564250763809604
3.0,11.282810130860288
0.0,5.59601962857655
3.1,7.777533785473695
18.5,6.607356470088862
2.0,5.506487767018003
2.1,5.15855879325861
5.3,7.3217906334362155
0.0,3.825653460012862
4.0,11.91819656915587
4.0,5.556980614292944
4.0,3.0814865969136185
2.4,9.248909308926406
2.1,3.311637634560551
6.6,3.5683123200711258
1.0,3.8466782182065793
0.9,8.893131867473311
3.0,2.175988042924505
3.0,7.9887727093776295
4.0,12.348521913427172
19.8,13.324746312719757
18.8,6.368618685659811
0.0,11.105263477633475
3.0,9.553126688138747
0.0,6.97966191681383
1.0,11.4246192304246
3.1,13.442084661383861
1.1,10.010453898741579
2.0,10.920519263286877
1.0,6.261358081056904
4.1,14.90389349324142
2.9,13.516192957799813
9.8,18.027700808883814
3.6,2.809473747344718
1.7,-2.180774615743573
1.0,8.650595525674033
2.0,6.488058986297499
2.0,11.212323101448725
1.2,6.440885365159877
5.5,15.763958348919177
1.2,14.53887597336945
8.0,14.342363668199555
13.9,11.158650866767552
5.0,7.07545832972914
1.0,4.974823717667549
1.0,15.228161403250684
25.7,18.148128581612063
7.2,8.677852812980095
9.8,2.3840887664077313
0.5,11.672485785670336
1.0,12.666298252102486
2.0,14.881706917464385
2.0,19.81902133200085
2.0,24.17048840212452
3.0,21.484006938454055
1.4,22.014926889918904
7.2,7.290063999549478
1.0,22.485737553601993
2.0,16.759098287855355
1.0,22.91588522339407
1.1,16.774861816958836
3.8,11.950969564573398
2.0,15.617061386464648
5.0,12.121891173736543
1.0,15.586212417311097
4.0,14.385189393289007
3.0,16.479958504912716
9.8,16.39985162329508
51.4,15.006184765108504
6.4,18.236311884083783
2.0,24.29074163870304
1.0,23.068047849097354
25.2,15.884355843370685
28.8,16.04116019653692
6.8,10.582084321355307
3.9,15.321097951107946
2.2,15.643004834551125
5.0,10.046018914368604
1.0,16.745748985489897
1.0,15.028711435527846
1.0,18.434504476642008
1.1,16.68067807275165
1.0,19.043674890369832
2.0,19.697249771089854
2.0,20.83926611257955
1.0,21.20853912099345
2.5,22.277409386853595
2.6,22.491074930654737
1.6,17.636137773506466
3.0,19.964303338281184
4.0,19.28236925871914
1.0,21.583107089605914
2.8,28.098544484127395
12.9,18.97193705837095
3.9,24.18633246140842
3.8,21.264863147490225
7.3,17.450127611192755
1.2,23.540388321051857
1.0,26.846067959141457
1.8,24.0905117242224
6.3,20.283754593575566
5.6,23.104332606938375
1.0,17.99897827952707
2.0,26.88465845304992
1.0,22.465821949293687
1.0,24.732911429882925
1.8,23.025677498097902
12.4,24.124564758977563
3.9,20.117814853927026
11.2,23.667665138472437
3.1,22.637573616737516
3.7,25.957704960435304
9.0,26.58266059483637
19.1,18.893555919105722
7.1,23.115420663504988
3.4,23.47169638614122
3.0,24.607784197994782
0.4,29.540340168822222
2.1,26.372873406093618
2.7,24.758735470835074
4.8,22.25125002512875
6.6,22.972391366726356
57.6,18.015498191327563
2.6,18.891900239797586
11.3,20.30536723112958
0.1,29.22872007983616
0.9,23.933410483962746
54.1,23.61958497230511
37.6,27.064176442829876
2.1,23.5247834159358
3.7,23.2281747868837
0.5,28.331511066904334
3.2,24.467170045597598
4.2,27.225249739668815
23.3,28.11522872990515
6.7,29.276713840039292
6.6,26.987377213703983
1.9,29.337501939280944
8.2,24.843773339729626
18.4,23.07889691054102
1.7,24.283062504650154
1.1,31.757167193008346
2.0,26.579501899915112
0.0,30.280773003872014
5.4,25.707766363373295
1.8,26.480324998628948
3.9,29.05310348578887
2.6,31.367712790331144
12.1,23.55045739486588
8.4,27.51012354455919
1.9,24.780246385638556
3.3,30.289612352642152
44.3,27.040280341216125
33.4,21.921174587721836
6.1,29.06109905087183
41.0,22.910637356445744
16.0,26.540891970366374
41.2,28.015437277314312
23.6,19.730603500196885
17.9,26.465810684614496
14.4,26.853871037120573
2.4,22.83618735868019
1.2,25.893221697668206
1.0,30.367035684456038
0.2,30.13030946437373
8.0,21.875829331690273
8.8,27.673713576664767
19.3,23.423044954759096
12.7,26.753249992082438
8.0,25.36249182948522
21.3,27.611909617518087
31.3,30.375786937259
5.7,24.59675148125842
18.0,24.88031686981723
14.8,23.93343890645733
27.7,26.838291010131183
4.4,26.055007676003953
0.1,25.08438013501877
10.3,22.352284828001192
21.5,23.682729291899907
18.6,24.885593857121325
1.2,23.10492217708975
15.4,25.845018673756087
19.4,25.15204148871684
43.6,21.03022314327524
34.2,20.84543301938708
1.2,20.30782749433875
2.2,25.066666478390218
0.5,26.3274324314351
1.0,27.797715870875436
1.0,17.043189501023242
0.0,24.70218526231382
8.1,22.793394712029
10.4,21.96915748341324
36.1,28.428051630863564
9.7,16.953722961397943
1.2,19.07722653112654
0.0,18.789873362434392
2.0,15.813271821833174
3.1,21.22262965756323
1.6,16.86234429006276
2.5,18.825557373385163
3.0,15.458914951851979
5.0,17.70555450386682
2.0,8.043584408500115
14.9,19.131436398443864
7.7,15.195869456815593
4.3,20.21017050775579
2.1,9.200741552736863
2.0,16.915385847969603
1.0,21.363170143618728
5.9,17.96099904571383
4.7,15.586701532147341
1.0,19.0246243320812
2.1,14.805078904611014
1.0,20.071490630382417
1.3,14.752367997413113
3.0,17.053943318596044
1.0,12.502997911037241
2.0,12.794058217757952
1.1,19.070450749399033
1.1,16.954187859261765
0.0,12.910504901208157
3.0,18.524039051346257
1.1,16.33144732055044
0.0,15.451558649119383
1.3,22.312845688596155
9.1,16.50552578233408
3.3,11.452954286859965
0.0,5.651069014319652
3.0,7.624369982320884
3.0,9.375888084567036
2.0,7.728198357279749
0.0,12.250351860023812
1.6,9.138588409047195
1.0,11.050452648938185
2.0,8.43796161148792
2.0,11.295231972805714
1.0,7.535911613277248
1.0,12.29130586935172
1.0,7.880935098997622
4.4,5.1636348579970885
5.5,10.025537035389583
2.1,6.444211090964253
3.0,10.751791786624356
6.5,12.67806188277511
2.3,5.617672182969619
3.0,6.971223560631211
1.0,4.735277174565667
1.0,-1.1430420852412535
2.0,7.699124413084569
4.0,13.821277418134716
4.0,10.047798271296308
2.0,4.879220356878236
0.0,3.4711575226210263
3.0,5.415420864392853
4.3,9.214870844136993
0.0,10.392043316733002
0.0,6.036220546516358
4.0,2.974773294902304
4.0,0.8966507526590446
3.3,3.2918458187984037
2.2,0.24108626863021998
4.9,11.639230729400794
0.6,5.615393257497148
1.0,6.705319770351654
5.2,8.979620060528253
3.6,2.284316971516638
2.0,5.512845956724226
1.0,5.003056529800338
1.0,3.7081379736373146
1.3,-2.1049941550045093
4.1,2.77680340625067
1.1,-2.3414404698420346
2.5,4.62101235481404
0.0,2.321109934883817
1.1,-4.604299876624417
12.9,4.756752937584277
0.0,-0.676131366180958
1.1,-11.399135317157814
2.0,-7.5176832898810675
0.8,1.945148746023762
1.0,2.319300712841138
2.0,0.6411976012762093
0.0,5.593577403341648
2.0,9.512794073092653
3.0,2.811956458194691
0.0,2.107790585687441
2.0,0.12135895233863092
2.4,-4.827640927036282
3.9,-4.425644958126517
3.6,-3.995049113278977
5.8,1.52229490163025
1.2,-0.38794806533904813
4.0,-5.867641496238604
4.0,-8.418368190763154
3.4,-1.3909400553496871
0.0,-4.660391809528816
5.8,-2.469869013418138
4.0,-7.076262980699439
0.0,-0.6055347677277345
2.1,-7.694992567117235
3.0,-8.522363965270895
0.0,-1.208954827090079
5.0,0.7620457210392204
2.0,-6.7114693598752515
1.4,0.44118007778486534
0.0,-4.948186623979065
3.0,-6.2698406267002245
2.1,-5.067426890277438
4.2,-6.156145416699401
0.1,-14.730815074070517
3.0,-6.667798892285314
3.0,-3.1629340430358153
5.0,-11.778293095883356
2.0,-5.1731398355946
0.0,-6.674209420503299
3.0,-4.576035891673867
2.4,-4.115561104104607
4.3,-2.364861187801726
1.0,-8.326664144717883
1.0,-7.662954149021435
1.0,-4.912942936646809
0.0,-2.7231437867476638
2.2,-5.285178610488023
3.2,-0.241089731012889
1.0,-3.9658726414910284
2.0,1.0774185303763575
2.0,0.7691704850750106
2.0,2.7100291258837896
2.0,4.287411392622213
3.0,-2.7895577632597566
2.0,5.77672138873729
1.0,1.2968667501518092
3.3,3.5752539391270686
3.0,0.04958085306712268
1.3,1.4620256480882183
6.5,2.735278740689165
4.9,-6.347654769369342
2.0,-1.0085633380537864
4.4,-5.36438584164328
0.0,-4.245275465045844
3.5,-3.2104519704405847
6.8,-4.966872652948078
2.0,-2.97069258456436
0.0,-1.7166434734791958
1.0,6.001450557471207
2.0,6.240554962024408
1.0,5.083560818763267
1.0,4.196982043085426
5.0,5.604583888779958
1.0,1.041691273056026
2.1,3.190676439026917
45.0,5.276674506395314
6.8,8.964288739311867
6.2,1.1346398928406536
2.0,-1.6913743564021064
4.0,-1.764646132702905
5.0,3.822065477272096
2.0,1.840670599167696
2.0,9.254100564805803
1.0,-0.5992095986587884
0.0,0.5247753571205851
0.0,0.5622139861176241
1.0,0.41499984061505657
4.0,9.725446878080936
2.0,7.262791817783998
2.0,10.055815055388841
2.0,9.323581878763862
4.0,12.85239740994093
2.0,8.617163410095783
0.0,-0.6853088249355435
1.0,8.888355176244456
3.0,8.625268021763782
19.2,5.061121544635121
4.6,7.602805960284074
1.4,2.4031603640654273
0.0,3.65138677757937
3.8,7.907406856155608
4.3,3.739967933101317
0.0,2.594469304496903
1.0,4.966474708407895
3.4,3.9724618577481596
1.0,3.6955115170426165
0.0,9.078065923035718
0.0,10.103994075474578
4.0,7.846350968166337
4.1,13.203279387471774
3.6,15.597125993475863
1.0,10.65801781678491
0.0,11.880181713159427
4.7,12.419339974773129
19.1,5.583944513659533
3.3,11.917871157109753
2.0,5.215747134298985
2.5,10.767524165700635
3.7,7.588992332351964
0.0,9.501046920211708
0.0,12.149959537696681
2.0,10.512528541412411
3.1,11.355976888073236
2.1,19.98193624002476
3.0,12.324190638973842
2.7,9.820046549914679
3.7,7.862953280062383
1.0,10.309150195425353
1.0,15.350797844902923
29.8,14.259835824649679
3.0,8.238300189645411
1.4,8.53361024933967
2.3,7.885569721920853
11.9,7.079803875092649
2.4,9.897763558514209
1.7,12.61829176549916
2.6,16.289670918320326
39.3,15.664395842170979
4.3,13.699476113536274
4.0,9.896193764655091
1.0,15.177929139156204
3.0,10.39204556627902
1.0,12.612479143743922
3.1,15.338431495261515
3.2,16.447050140405867
2.0,14.279703748270183
10.7,22.938592825861523
41.3,19.20662083744317
48.4,17.583477964305892
5.9,13.255477124942436
0.0,13.25699597844722
0.0,17.221845707059604
1.0,15.54909968647358
1.0,19.169630302845416
1.0,14.570779405105275
1.0,17.567093845476712
1.1,15.741117320214407
3.3,24.166251626028334
7.4,23.384750201097333
5.8,13.873358078901415
4.5,12.310214492829687
4.0,13.700619363380707
2.0,12.259519981561986
6.2,12.273660051165832
2.7,21.728095212970036
0.0,15.498257840188108
2.0,22.07330431913522
1.0,21.913724456952224
3.0,19.528584375722687
14.6,16.406078720485063
3.0,16.737423326436648
5.0,19.24028815948606
4.1,26.60357048109798
2.0,22.616925725353592
4.0,20.215896508482853
1.0,22.02555385744245
2.4,24.88777360256046
1.3,20.48492326990103
2.8,17.91199876862044
2.4,27.028583919360358
0.8,24.381337324064507
0.1,23.0015722757285
2.0,21.623994626860153
2.1,14.980237808864684
2.0,18.29429967097101
1.0,16.411360922409333
1.5,18.451943191247754
1.0,16.677048750639685
1.8,22.884411085390987
0.1,22.242537206529548
25.1,23.809785439450234
23.6,25.345545662566877
53.1,21.861058411630488
54.1,22.82324087671617
50.3,21.678575189144823
4.4,25.499343979237455
9.7,22.64966411400559
38.0,23.86164165093987
21.4,26.203632934367093
0.8,24.745097692979165
4.1,28.100677467777132
51.1,31.996768788897736
14.0,27.195538934434214
1.0,20.122360419261387
7.2,25.06159396967577
24.8,20.317544178896707
23.6,20.864189405903307
84.4,23.288102099153424
58.2,27.220547481491096
21.6,23.66249501597405
32.7,26.33607303556543
10.9,28.94778353529319
22.4,28.457207700355283
9.8,27.096692581101845
9.3,27.141741948931088
4.9,29.24928241528829
3.1,27.690130616763028
1.7,27.626798462043833
1.0,28.61050053809011
2.4,28.113057788303312
6.6,26.90690535880487
4.1,22.325903441785336
18.1,21.75470264974519
7.0,27.259272607769688
20.5,23.199003491171098
55.6,29.62674869952017
16.1,23.502508935175143
9.7,31.290321606261564
8.5,28.64187965279673
15.3,22.523739958929337
34.6,30.246029235333587
15.0,32.51430944152473
10.3,27.57924238183953
2.9,24.340173275653456
4.1,24.333932159454953
3.5,28.23585424683412
33.9,24.80923041793426
30.8,22.256657207181107
36.9,28.194553027634075
11.9,25.342030560172834
6.9,29.08095889650601
16.6,23.603602759962243
7.4,28.230248202302256
5.4,29.88364737179258
2.7,22.863889655592864
14.6,26.20876537290853
28.6,32.12315962606543
8.6,21.57013598671924
5.5,26.66452253808132
18.0,22.246850694866477
3.9,25.126979055837857
4.0,21.394401106033982
3.3,19.5151454055478
2.0,26.558928697157253
4.4,20.779648338442115
4.4,22.204622007140024
3.8,28.577956667665
1.0,22.544718863649578
2.4,27.14850131546785
2.7,18.655826164402278
2.0,21.12803229107092
5.0,24.206949776111696
4.5,27.10580155911502
1.2,27.217819604383926
4.1,21.845039954183573
3.9,18.357911169855505
5.1,20.86792192572839
2.0,17.29031979376827
3.1,26.594707396506713
3.6,21.604229239234414
17.2,17.89341827269519
25.5,23.81505625015764
6.0,32.05872879615658
2.1,25.635239366464205
2.0,19.493314516669628
2.0,24.701602932161826
2.0,22.582885249286115
5.3,24.43529453539604
3.6,19.0296853145286
4.6,16.320429241045908
1.1,21.835011807669574
1.0,19.04793981024648
0.0,16.908863243551423
0.0,16.816053601834483
2.0,22.42527920059101
1.0,22.690575593452422
1.0,19.391143948396355
2.0,15.154393818926055
2.0,19.835000003118985
16.4,11.860893874473497
1.2,21.660718494053413
1.0,16.181874801031867
1.0,12.67363183490827
2.0,11.45966902170652
4.0,15.295777334395915
3.0,15.776733647925807
4.0,17.160642115573
1.0,13.571759863428642
0.0,12.18947015769573
5.0,17.1433294553236
1.0,23.020719060512924
2.0,15.539254971744372
1.0,10.877880983794753
2.0,19.099482172463915
13.8,15.02412211956555
6.3,13.816010658671454
2.4,16.985525307233097
0.0,16.62901088205351
2.0,12.187536061474056
2.0,10.930549149552759
0.0,12.132684536951462
13.1,12.121562119816922
24.0,14.091955200583076
1.0,15.430522822688314
3.9,11.80642793621969
2.0,7.9573410546220895
0.0,12.072395728462066
1.0,7.428894935819994
3.0,11.355936308375288
4.3,6.128005603904276
3.3,16.593660099736603
1.0,7.657191993381046
0.0,10.44918817752895
0.1,16.970461199723303
1.0,18.69549831611612
4.3,22.376882271605766
22.1,15.442640494158816
11.0,14.484025837848812
1.3,12.706702707284377
1.1,14.091578759110329
3.8,11.056723984920117
4.1,12.05659404689927
2.9,12.861319136318764
2.0,7.96978418118045
1.0,14.021053336644036
3.0,8.249912353186787
4.0,10.989526304260647
0.0,8.936260915999416
2.0,10.446978628062146
20.6,15.220742504020373
6.3,16.956710202933547
3.0,6.185276994582289
1.0,2.0989665069381784
2.2,6.425492206795173
6.2,4.436642090228768
1.0,-2.507808526071703
1.0,-0.27225671586982436
1.0,6.0435630334144745
3.1,4.920087247799834
1.4,11.715916489965483
2.4,13.847834983797723
29.7,4.616182528095391
2.6,0.7870356859160381
6.6,8.06182957098768
8.0,9.099271523076169
1.0,5.078021664815229
0.0,-0.28241009152642693
3.2,5.116087235463879
2.0,3.9665042451789327
2.7,2.519722587208761
1.5,-0.7320999661315049
3.5,-0.853456046546323
0.0,3.9183231698210825
1.0,7.678057888337345
4.0,-0.4515162628597227
4.0,-0.7159058996510637
2.0,-3.5324154119169835
3.5,0.67999053261165
1.0,-6.348973833653061
5.0,2.335286160375678
1.0,-5.613561475406932
1.0,-6.693167361842425
0.1,4.413097241631279
2.1,-4.724346631317353
1.3,-9.611541393087181
2.8,-2.6455837641533755
3.1,-5.032662931368207
4.0,-2.444531121561902
3.0,-3.2642960548460582
2.1,-3.76742046682334
1.3,-2.791180543109025
0.0,-2.735817073908214
1.0,-4.146839945751903
0.4,-1.7543555367884602
3.0,-4.866058314448332
0.7,-2.3433945466753605
1.8,-1.2739005545685393
2.0,-12.302316704376228
1.0,-0.5493210190628202
2.0,-3.1551736602730314
2.0,-1.9065941083216082
6.0,-0.47111499506869825
1.0,0.994238714515207
3.0,-7.0739339121289095
0.0,-5.734174044036642
1.0,-1.8120414145297985
1.0,0.4611046143626949
3.0,0.8984103477103574
4.0,2.813144718611588
3.2,6.995306033535551
1.4,1.4967245837339025
6.9,5.519870119205425
4.4,2.2341951148094417
3.5,0.8411666608869828
1.0,-0.9607178266333436
0.0,-5.693665110599764
2.2,-6.231409251682972
1.7,-5.141649336164836
3.0,-9.150556462416922
1.1,2.8059362144569344
1.0,3.5562027543636585
2.0,-5.5181102839241865
3.0,-1.2489311049569514
7.3,-5.9463503354575575
1.3,-10.350391277284228
0.1,-10.147552542832468
0.0,-9.176685040850344
2.1,-0.373275968644863
0.0,-1.6915114351789344
2.6,-3.8220894825397114
1.0,-2.524408783231647
1.4,-9.384344617144627
3.2,-2.8465554339378065
0.0,-0.6340578402237727
1.0,-4.950795547043436
0.0,1.9956283522253095
1.5,4.911777021893657
4.4,6.028900168958461
3.0,2.6511866357061384
3.0,0.2948103990483417
1.1,-2.7285137539809456
2.1,-7.626789353028208
0.0,-2.9924444580306844
0.0,0.49460546019762097
1.7,1.0031762799157922
0.0,4.802076881588839
1.0,6.512806515275843
2.3,0.8956036101762259
3.0,1.6850758561163193
0.6,0.23978287372888715
0.0,2.6974499663792284
3.6,2.708243574110342
1.1,1.1513411377367802
1.0,6.897368855731736
3.1,7.225826206875864
2.5,14.073161060483134
7.4,8.674445685743422
20.7,7.598935927965037
5.6,2.214807735741794
5.0,7.26529603944579
3.0,2.7891010488924173
0.5,1.1752782468746434
1.1,2.8924173504637865
2.0,-4.491847351288
0.0,-5.425251618349877
5.0,4.213839109125077
1.0,3.654807026586278
1.0,9.679378136109237
8.4,9.049819533876354
1.9,10.535538924922585
1.2,6.873504917143803
2.0,2.076174695609925
2.0,6.1944504233615145
3.0,3.6049920830401296
9.6,5.810554600767734
19.0,0.29480581529914396
1.2,5.654064176137525
5.0,3.242499974399498
4.0,11.85307707273323
2.0,3.0742483900068276
1.0,9.583083868909283
3.6,9.321476874460625
26.0,8.999825735090162
0.1,9.400908486341658
2.0,7.717299615496545
8.7,10.135896292915762
28.0,6.648134833894651
2.0,7.6047877995269015
2.0,5.673748671175275
1.0,8.2878544494425
2.0,8.264297449691378
2.0,15.31970378580346
1.0,13.3807292002059
5.8,13.461466877707169
2.2,11.594426443559902
2.0,11.86397067192504
0.7,14.16109574471027
1.0,12.862574977997118
2.0,12.945142347241013
0.0,17.35889732091646
3.0,13.088545712387926
4.0,16.152981152596396
1.9,19.902844011291233
1.7,15.71511006612144
61.6,14.298961836006043
7.1,9.69211352933272
6.1,13.776116038627421
4.0,16.920335495707207
32.6,14.010977297591948
0.5,9.277362379943888
3.0,18.731943925295777
0.0,15.773659601249028
2.0,15.976191525053558
0.3,14.543425227935316
9.6,20.510722901874377
4.2,13.394276628108182
6.5,20.191119930463245
3.1,22.58213317226353
0.1,20.08385250426715
1.0,12.580822062576594
2.0,17.81536508833529
6.1,20.42882279404813
2.1,14.710725187174324
1.2,13.492236760532382
3.1,13.562175673637146
2.0,12.072798787678654
3.0,13.622261962034935
17.6,12.15464523900371
0.5,20.362476453007574
3.1,22.52522404825843
4.3,14.491543191762307
2.0,14.879622320055022
2.0,22.56716106965638
1.0,14.595187525380993
3.0,18.22627740792017
3.0,17.160729168885897
2.0,20.660773240941047
2.3,22.64164863008767
1.3,21.061283964544856
2.0,21.443370759967998
1.3,15.731257311921635
2.3,21.397772419653656
0.1,19.265501757503362
4.5,17.54165546527623
2.1,18.912190967778994
0.0,21.022492436666433
3.5,19.92232040803126
1.0,21.880238247020525
2.2,23.256329665444262
3.0,21.473377586153152
1.0,21.98578543433973
0.0,21.98773753722588
8.7,21.054649828886987
1.0,17.720343857307416
1.1,23.502019570445736
3.2,23.850829894559812
5.2,20.95720538978386
2.4,19.789361709734866
3.0,18.712446085934392
6.5,23.790562089324077
2.3,27.6913683775755
4.0,28.16462062725695
4.3,16.88325380065694
7.2,24.677299491440124
3.2,29.479774196684335
2.1,26.233496843294144
2.1,25.39471169510203
3.0,23.340987520793316
1.8,30.376994186324545
2.0,21.89555125325795
0.4,25.050224679487314
5.2,22.508668618581435
4.0,23.45316665083415
4.6,24.486258699530044
40.4,15.742021413581242
3.5,21.372953643089758
3.1,25.886990347275535
3.1,20.48888851809061
0.3,23.463137437144646
26.2,27.265693236573888
67.0,25.385609726053815
2.1,23.03617625888468
3.0,24.719568956063032
1.0,24.32139414125232
8.4,22.63056028176276
33.2,27.25438813329073
1.8,23.877856161732854
25.6,23.037354607712047
28.1,24.886499399284446
48.2,21.352319328178453
1.6,25.475288822592535
10.0,28.240899928313187
17.1,20.125208329910848
28.9,23.714429042110666
2.2,20.920991442557735
2.1,27.343262690459767
4.9,24.15217418630849
0.7,29.364672597369044
2.0,29.143536365038628
2.0,26.678548833730012
2.0,22.60069802717919
1.0,28.865971207475347
0.0,32.12858084082265
1.0,24.643539913635625
3.2,33.41137884566077
2.1,29.555981306694754
3.0,29.29847395580986
2.3,25.45509317340014
2.0,29.12482011610551
1.0,27.455374074415364
0.0,31.942501972714588
1.2,33.450752406449105
5.2,29.726600274054963
0.0,30.699098155078993
2.2,30.22438690145621
8.0,19.806851324571838
3.8,26.040910539367882
28.8,28.83496518484291
39.0,28.885177846448485
7.2,26.67715331937044
43.8,24.963683957448584
22.1,20.517096015952077
3.7,23.122324196307012
2.6,28.043089449098535
2.5,24.76430209046051
19.7,25.96591426102422
18.4,30.283413893364717
31.4,25.389539491284836
39.5,26.147405985292558
42.8,24.151843754298437
5.4,22.984033656794235
0.0,26.726359517271735
4.9,19.76300672254017
38.3,26.206811360704332
6.6,22.94604850468156
70.5,25.672944381028895
3.7,19.250590272853035
2.5,25.09348725598351
3.3,28.81433140220276
1.1,22.884015530640657
24.3,19.162971930657605
12.9,26.11690128678706
5.0,22.927320265632893
9.7,16.801274256279896
34.3,27.329106228734894
9.9,19.470328291570546
13.4,26.004294583962743
4.0,11.72514898827367
3.0,22.46401260620424
6.8,20.884855470253278
7.3,24.454654976279667
4.9,22.665873827470058
47.6,19.638458337581994
95.5,20.682719179759125
2.1,23.465757238805114
3.3,22.93121305683991
4.0,15.500534307485552
0.0,17.008743780921144
2.1,22.22984581684235
1.0,18.80012476949032
3.0,16.855859550317494
0.0,14.368747541240426
4.0,15.996242489668516
5.0,13.800956078545394
2.6,18.228011512657954
1.1,17.2079996095452
0.0,17.96591030985666
1.0,15.409799470218973
0.0,11.162504962496806
1.0,17.46487931162558
1.0,19.966676946923762
1.0,17.28740973653287
0.1,19.82981316721529
1.0,14.0448032617035
3.0,17.497933493712317
1.0,7.89983284005223
7.6,10.162647314604921
0.0,14.00476772114586
0.0,6.210670739784901
2.0,18.250969492437534
4.0,19.263794109385326
1.0,15.69168642577682
3.0,8.679938728295303
4.6,18.863229734790366
2.0,9.250421082951544
2.0,14.708888766923103
0.1,12.18263200961047
2.0,13.856749078095415
26.7,16.045313372670332
2.0,14.76367681493721
1.0,12.026127461915754
2.1,13.64053722265161
3.0,16.43620022423763
26.4,14.173651210357248
2.0,9.32496969073113
2.0,10.768310617342166
1.3,7.228906233684176
1.4,12.400862924374643
3.1,7.843152303808617
0.0,8.864768920484082
1.0,8.142267765911011
7.8,6.235119964975336
5.0,8.95388507954167
5.5,9.524186264879077
4.0,5.714592002397228
1.0,8.039255358160059
4.0,7.929638262671155
5.0,13.494123457328577
22.1,7.109612945385963
4.2,11.54464661233507
5.1,3.4654972133165964
1.7,7.784121180997479
2.0,5.527335331487944
7.7,0.8342090744036703
4.0,7.232451896529386
1.0,7.840952812507488
3.1,5.086802165581789
2.0,1.5023651222756271
2.0,-0.5815045949373596
3.0,2.3434753670551824
1.5,3.5326665287734738
1.0,9.040498185225317
1.2,0.4079075022191887
4.8,3.534843397966112
2.0,-3.0371691971824033
2.8,7.080431792206624
2.0,5.392918245136851
1.1,0.8833833723826683
2.2,1.5267018419895617
4.6,1.7638933580010623
6.2,0.5043347520237642
1.1,-4.756943039345095
8.7,-3.223290572290375
3.6,-5.176100590528435
4.3,0.8477939315153704
0.9,-4.983815163322054
2.4,-8.998702797638693
1.0,-2.009209553117512
2.0,-6.250327788096558
1.0,-1.9914889141189682
4.0,1.1525347193800062
29.3,1.9137796230610293
3.5,3.6766256987074875
2.0,0.12366876776413172
5.0,2.714621884631823
2.0,-3.587887106282407
1.0,-4.3349297048198325
1.0,-3.15280375123874
8.7,-0.16687194857126408
0.0,0.6428065868201592
1.4,-5.727517328905302
2.1,-4.634062135032504
2.3,-5.7231629454977035
2.0,-6.74800351041693
1.0,-7.062238783969329
7.3,1.3774049845049696
5.2,-1.1804368047227496
4.5,-3.729594260897212
1.2,-7.566090940046392
3.0,-5.717115777020847
0.4,-5.904306351669754
1.0,-8.805628033787514
4.0,-9.066678320651096
1.0,-12.625893018521207
0.0,-1.5346524284482586
0.0,-7.237766264129404
0.0,-4.9382679919279795
1.0,-9.131055689820093
0.0,-6.622640190699361
1.0,-3.6841779895673286
2.1,2.2263142342257876
1.0,2.177170080279838
0.1,3.622536391110727
2.0,-4.6928779526642455
1.1,3.495741888197786
3.9,-3.0231583438233978
2.0,-3.928402596277591
0.0,-1.930593572842935
4.0,4.444470964292537
24.3,-0.8772605351929981
3.2,5.4771600438183174
2.4,5.728867714544535
2.3,3.7664068986591293
2.0,-7.453972158203691
1.0,3.432755430614959
2.0,-4.411395249023179
2.0,0.18202515964942179
0.0,-0.1790161503659129
1.0,2.4144203254957164
1.5,9.11651539354814
32.3,10.546073785524914
2.0,-4.758685061562181
4.2,-2.1368147647693667
7.2,8.346980940643835
4.9,4.567856612704684
4.2,4.157555752839308
3.1,-5.122162891371015
1.0,-4.661744088740161
0.0,-6.3141517563878855
1.1,2.3185006726283195
4.0,-6.522542645587439
2.3,-1.216916335512332
1.0,0.10823829584351652
2.0,-1.1169392008552443
3.0,5.001634893539338
2.0,1.4763355845762924
1.9,0.7442476339925472
3.8,1.7865337681620463
3.5,4.1383740595913
1.0,-3.2270818014376235
2.0,0.7306163307471525
3.6,1.2498505482971443
3.0,2.5595027114768296
1.0,8.250257634093945
3.0,8.047292724805754
2.2,5.426551776214649
2.0,9.292559297357608
3.0,6.748162581158534
4.9,6.102583699481301
4.0,6.559334724712507
2.0,6.677483429073513
2.0,-2.3082084761807926
2.0,5.23833230546367
2.0,10.140374985371205
1.8,4.4900207487611645
2.0,16.435028814533283
1.0,14.319891973334517
3.0,4.567194813955318
2.0,7.216774493293771
1.4,3.5367232360135565
18.1,7.620933929962853
1.0,-0.06253174111397275
1.0,10.071922079416222
4.0,9.989353934376886
18.0,9.63932329572177
17.3,11.56903167051736
1.0,10.798751208435018
2.3,5.626674420416478
3.0,4.145761856850872
1.0,6.600766958542866
2.0,8.470129135075203
3.0,8.835424173144853
2.8,4.2911058556499535
3.0,1.0879322039752024
2.0,16.587132787048716
3.0,13.572484849458487
4.0,2.8538395091635804
2.3,4.561744460534667
3.6,5.804131176652928
2.0,7.861305801554097
2.4,11.228376602767657
1.0,6.793548225297941
0.0,16.151949226662445
3.3,8.360224687970177
26.7,9.827768041359116
3.6,3.2808283643306435
4.1,10.4628719940082
2.3,-2.9538565898264473
1.1,3.7881136304443648
3.5,12.22708195770643
1.0,5.92515542069135
1.0,12.32243342918844
6.5,13.826152567479639
0.0,8.430443862078706
1.1,14.12031301060446
1.3,15.301542054812288
4.0,12.017329623547175
1.0,5.9494810845356545
9.7,4.572113167531631
2.0,2.4567141884872896
0.0,11.028480396940596
23.1,11.323047698277493
4.5,22.78261011145984
5.2,13.30122902867131
3.5,13.405562759160395
2.8,11.730677530565956
0.0,16.611793214316315
8.5,19.0475788553841
0.1,12.673947871816337
0.2,14.575840457176936
3.1,15.166357228247037
1.9,15.067107938172365
1.1,13.894177842436898
4.0,23.37942371690744
1.0,16.054305637865458
0.0,15.193196803619271
5.0,19.454045820075763
3.8,24.007820787969592
16.9,13.268420596470529
3.0,20.98570503605599
2.1,24.19297235102665
2.0,20.852131883857297
1.0,24.185891705400053
2.0,19.904701407289252
0.0,22.64415655234952
1.0,15.91643077476072
5.2,17.598936231047947
26.4,12.575655085913876
2.0,19.033388712553013
2.0,19.84886118376071
1.0,19.985169855007744
2.0,22.92122093033906
0.0,19.268870809578004
0.0,23.41473582344401
1.0,24.030363602546345
51.8,23.27943216413557
29.1,17.56571983273262
1.5,18.264138054971756
0.0,24.799359295355984
2.0,21.46039241427727
1.0,20.976872126099394
2.0,23.647344094902778
0.0,17.812285215837516
2.0,24.633609346371426
4.0,20.758758891326288
0.6,19.32730355993735
2.2,26.90115630412086
3.0,18.78087593396991
1.0,17.580318772089147
0.0,25.932052230915517
6.8,24.377245570973958
4.4,18.643068571663193
1.1,16.04721749048012
4.5,19.700297425653478
0.1,24.581048259480195
1.0,25.97019605210804
3.0,26.229934745861506
48.9,22.09051049384322
21.1,21.220777957935063
2.0,24.26650564664213
0.4,20.19017860941909
4.3,21.68787337892964
4.9,19.070513972265918
2.0,20.35286437337855
7.5,24.834112317686863
6.8,25.985449485838256
4.5,26.561986908097186
2.6,27.567751573145838
2.1,25.810650359586802
2.0,26.385386392613913
1.0,26.549356867689394
13.5,24.487779129241975
20.6,24.431024525283696
24.3,20.876698094966493
54.5,25.263526530707868
2.0,28.313192166306575
19.3,27.062917354312916
15.6,24.563428511409352
3.7,26.474327987931943
2.3,25.851099496199
8.0,28.402877813199304
9.3,24.343874190491135
18.4,28.03620165347911
23.6,29.169170345382966
20.2,21.355732249366707
2.5,31.59449106278295
9.5,29.296916830986746
5.7,24.618958223024453
2.4,26.845634078003602
2.1,25.61109977879447
5.3,27.983969338484698
17.6,23.305420403767368
17.3,30.74803970540993
9.8,23.87887809984622
4.0,22.79227802704139
2.0,28.243339543071105
1.1,28.77555677066773
11.1,24.223446174173276
7.2,25.47824496947939
9.5,26.916544426569807
12.9,21.839821931662705
3.6,29.827798649343478
5.7,26.083214314412878
13.1,20.961115554817976
11.6,23.645221227621636
4.9,20.96872886969928
11.8,29.85087362901751
0.0,23.535101784835412
0.0,23.757423004639715
3.1,31.589015606118462
8.4,28.501843945861538
0.2,27.084478563833674
0.2,28.839081533751745
0.0,27.21592475069205
5.0,30.272812797946212
2.1,33.047259693632945
1.5,20.788234295229103
0.0,26.284093549366997
0.7,32.51633853870504
5.5,28.811013226835772
2.6,27.754054610183747
4.4,26.207238068823315
7.6,27.6555585789657
39.7,28.218558349525058
31.0,25.81533448141988
3.3,28.904154199163955
1.1,20.614648280901914
1.0,24.877771694529944
1.0,27.971941363691926
25.4,21.29030876077974
4.7,27.93231507320539
7.7,25.681019285934077
1.0,23.78004053814166
1.2,17.98470318827937
1.0,16.56938114972622
3.0,20.579468441663675
2.0,21.261023144690775
5.2,20.542536413394096
1.6,14.191717501244543
2.0,19.43571024573831
1.0,18.7057827549162
4.0,20.703589828704594
11.9,25.44513855839624
3.9,22.309891227212276
14.4,25.63151295365783
40.6,15.767528706053689
2.0,22.404001130360356
4.1,19.54276822842984
0.0,20.24813505126753
4.0,17.484272924144754
1.0,18.693707221586404
0.0,22.062020373375287
2.0,20.7941326509946
5.6,18.841370399538583
2.0,15.604689817298603
3.8,19.5100967312085
2.1,19.793137052358937
0.2,18.400765943586684
1.0,16.656702412322968
4.1,20.799195781170113
28.8,16.174093136573923
8.2,21.731070839580365
2.5,22.530515968682785
7.4,18.49590380763815
2.1,17.592656148053855
1.0,20.953175195372665
1.0,21.404077655558986
7.7,15.186742052340335
2.9,19.692441220439346
30.7,20.489023817896413
2.6,20.516837870696666
11.2,20.143212440644067
0.3,18.204720222198265
2.0,12.008641582593647
2.0,19.19562827512211
1.0,13.932383622614331
7.8,16.785641321299252
0.0,11.505952526506917
1.0,7.163596205558804
0.0,13.289891091932688
4.0,11.023138068471031
2.1,18.318862391383426
0.0,17.975423252634695
4.2,11.70461529942093
4.0,19.085189151967946
3.0,10.236032505685625
2.0,12.043883220284421
0.0,10.880716617409744
0.0,6.121596058027151
1.0,13.124193726992475
4.3,8.110029513112348
1.0,15.921856445379131
5.0,11.460174307597464
1.0,9.922941707815152
2.0,13.357750675396154
3.1,16.588028211551325
1.3,5.736613766426288
4.0,14.977921335489112
4.9,16.761076971453654
4.5,12.07485071818465
1.0,11.692688358926038
12.5,6.628225642735414
1.6,7.216745038084714
1.0,11.516597622772084
2.0,4.6597407276345315
3.0,7.7717856205661695
2.5,6.697680558621947
4.7,5.603275208895454
0.5,13.352914866522536
2.4,7.4901185674709705
2.4,4.664746471282134
2.8,2.8786549246563897
2.1,2.86689253833499
3.0,6.908961918408412
1.0,0.06969209122591824
3.0,4.817325780900678
16.0,3.560233708519977
14.6,6.494483936944874
1.3,-1.0296066834785922
7.7,2.415805007044564
1.3,3.238540137063091
2.5,4.486086752269431
3.0,2.001142214749301
3.0,7.533547760291739
2.0,8.860001845040097
1.0,5.71063141761401
1.0,3.3202084840629427
1.0,3.4892972917109173
1.0,3.246378812797561
2.0,5.859831578957333
3.0,2.5840063958577764
8.5,4.567116851600266
2.2,5.813181805595656
5.2,3.064948609664214
6.1,0.6863661569109494
0.3,1.393562813911989
2.3,5.295210685190256
1.0,-0.8641132449593543
1.0,-3.6277923722764607
2.7,4.376841472438657
1.4,6.355120961743138
2.2,-0.024220577534565246
2.2,3.5643143555711965
1.1,-0.1300604780181942
4.0,-1.8090962312871064
1.0,0.6017438600208223
1.1,-5.716403109759698
4.0,-0.8661679426705982
3.3,6.062535598700338
1.0,-1.178578602498793
3.1,-6.580907102975813
1.3,-2.7082861276142554
2.0,-1.030917562856632
2.0,0.10123649929410306
1.0,2.4088584768258396
2.0,1.6538564433642065
0.0,-4.7152248087613025
3.2,2.4601377701199767
3.1,5.344409947895727
1.0,-1.3520202043169005
3.0,2.149295350838225
3.8,-2.3571512974393527
1.0,-2.4288593406193066
2.0,-8.993880082482523
2.0,-4.111167761463053
2.0,2.0486391760749236
1.0,-9.156625186888784
0.0,-2.5656265791222834
1.0,-4.038465263043019
4.0,4.076210856818296
1.0,-0.6241083480078607
0.0,-0.1832211930537858
4.0,-2.9766841718852683
2.5,5.9018596447383285
2.4,3.0275833869444155
2.0,-1.8391855201571996
2.0,1.7609799026096256
3.0,0.9086143007920677
4.9,8.056709527084749
3.2,7.00528435389263
1.0,2.396984524943509
2.1,-3.2109323966548224
1.7,1.4448966222045334
1.1,10.49784450846743
1.0,8.768907967535748
7.0,8.200313608774518
2.4,11.874060027162948
2.0,4.202758417221608
0.0,-2.595719095667909
3.0,-6.076141351752969
0.3,-1.2592105125597828
2.8,3.9459667097698556
3.2,8.267384659030963
4.2,-0.42050760698972267
3.2,-6.952271286908361
0.6,-0.5017551581256442
2.4,-5.253350174102131
4.1,4.110170669018466
1.2,4.407752453731069
0.0,-0.5936416341290534
1.0,0.4646364942496266
3.5,6.75335695501123
1.5,5.659331056009673
1.1,4.269401198726841
2.0,5.001227857990893
3.0,1.0359658428947596
0.0,0.9544347001773384
1.0,4.167818945289015
2.0,0.3469976216466497
2.0,8.37023462381785
6.1,3.2327634782546357
1.2,5.856887808906617
1.1,3.110372544226693
4.1,4.996683328290256
2.6,4.377394800962877
3.0,5.206227947318198
3.2,2.5439407138915833
0.7,-1.4688152617646852
1.0,6.224022103300662
1.0,3.907019049223811
2.0,-1.2772768785088613
1.3,2.552021122049855
3.0,1.0766693053213159
2.0,1.0458419430781132
28.0,4.450961198170008
10.8,6.306158862777006
2.3,4.09093386649919
1.0,8.00785336997871
1.0,11.223127940112398
1.3,13.446990840750836
1.5,11.753353353206341
1.1,7.574341111651314
3.7,8.300683913964788
2.0,1.2449561751189195
1.0,4.928982816155385
3.0,10.941346800754037
1.0,12.07798670166832
11.3,16.38710857147171
9.9,16.017446362230828
2.0,9.388001091860815
6.0,20.80849583451531
11.7,15.15404581835824
6.8,12.607200465088132
0.0,10.163580399223097
3.0,9.628524092169386
2.0,17.815034998571047
5.9,13.352592603717437
2.8,10.413732312811558
2.6,8.617553396520236
2.0,4.148349669618526
3.0,9.804418964926134
1.0,13.877370738365894
1.0,12.743803663551219
2.0,9.74206289046159
4.1,12.98439211641122
2.1,17.654084380732122
3.4,7.554787746212194
1.0,16.30794458519026
1.0,17.61763210150158
2.0,17.896507233928304
12.5,13.054402793847546
1.7,16.754034817841852
3.0,8.511349526932221
1.0,17.19272140306368
1.0,18.464364411109532
1.0,20.04553529345224
2.0,11.556832113665426
2.0,20.02923621266627
2.0,17.92743656325712
0.0,21.330433615025214
12.1,16.03296824855379
31.2,18.301967085011718
26.2,23.279647917807747
2.1,12.038815064321646
0.0,18.066927225910828
3.2,16.807554642097998
3.0,16.30228389730877
2.2,13.258250673633137
3.1,10.338749850444914
3.0,13.818119333915156
1.3,12.19031556677288
3.7,11.84796602445061
3.0,10.934032982401199
1.0,20.302959716426596
18.5,18.151409842986286
15.6,14.99005875331767
4.0,20.471445408122378
3.6,19.377092469831247
0.0,23.17049777734206
1.0,18.131577004405557
0.0,20.02866723632917
1.0,17.049830990833136
5.0,18.524400232645984
4.5,15.581249137153588
4.0,17.462167951357486
4.0,18.29799794712173
1.0,20.23060193913497
4.0,19.427228006553307
9.7,21.50431028840351
4.3,21.649250544552334
1.0,19.503659982474048
2.2,18.409985912151715
1.0,23.9994387053529
1.0,18.278775064636278
2.0,20.287239877050123
3.0,25.536591243873733
6.9,20.465499784461485
21.8,18.587139249884952
5.1,18.081716494451864
1.2,22.932612436698463
0.0,15.804687297154038
2.2,18.978828146488755
4.7,16.486935361276977
1.9,23.19102006633756
5.0,24.200924532484766
8.8,19.350568016687742
8.2,18.23462106854277
4.0,22.53771455592797
4.0,19.801059125836993
2.0,22.77486010462262
5.0,29.70860733669425
5.9,21.530328553854677
2.3,21.457197090596168
3.3,23.40066248938069
2.4,21.601606677725872
3.3,21.724910232268325
7.9,18.364844318908006
14.4,18.741155107330925
5.5,23.359256130095684
5.0,30.991060913596872
0.0,29.782229459528473
1.0,28.83915624297788
4.8,22.4898433840681
4.0,21.6122861212113
4.7,22.27745874338232
2.5,27.366756333980046
9.7,19.61698067362943
26.8,20.371307501966797
6.9,21.182634253507324
3.8,25.394213340708646
9.0,23.279924926155637
5.9,14.884703657471166
6.2,22.877764198572613
9.2,24.239575759687483
2.0,26.107880949709504
0.0,29.347792447341433
1.9,24.952761186222723
8.0,26.386096807258788
4.0,22.369958613290116
3.0,17.60472031054111
7.4,29.9785798332843
9.7,22.986944630327425
22.6,25.177483083840077
13.2,29.74791004739027
3.1,24.066166641219603
5.0,31.34908627719336
6.1,23.70386569509778
12.7,25.908418295209106
12.7,24.822097207325005
12.8,30.208665500699567
7.8,26.320040290067567
0.2,23.883074911299452
4.3,25.606028092137144
4.7,25.063023076762843
2.0,30.315758202646528
5.5,23.94186506309617
2.4,26.457355092615845
51.0,22.44032972824416
37.2,15.362837044710409
9.1,22.42926800618677
3.2,26.457738151999692
6.8,26.88503812666119
20.6,26.260052939408844
4.9,18.707635195941588
1.9,27.680608819443233
25.6,20.639785569772616
4.4,19.713220475940073
2.0,20.254898790711145
8.5,28.391945490395493
18.2,20.26602991100675
4.6,21.878681303417583
2.2,19.159828320817393
20.6,18.326948053469984
56.9,15.269727797767741
14.2,20.681139043052603
14.3,18.781347543524657
38.7,27.166155679066875
2.9,21.39018883477108
4.0,28.055238708646964
6.7,22.753204054226384
41.1,31.685619009664478
10.6,15.540143122099662
4.8,22.724523574039363
1.2,24.718077256426085
7.1,21.789232209506526
1.0,21.690526449749097
2.0,20.980949437106926
2.1,19.514296784013048
10.0,17.239953307925866
31.7,17.645141690343255
2.4,16.823832586527075
5.0,22.68150577961077
1.6,24.626020828257754
2.0,23.5999655784145
4.0,28.45431068655422
4.0,25.56920760766828
1.0,21.979720214854026
2.0,17.929509784516963
1.3,22.181073878263827
2.2,20.073182313891472
1.0,22.77429055767407
2.1,15.772999286327384
4.0,15.685818833567753
6.4,23.077468325411708
2.1,21.184604821262
2.0,14.70268140652265
2.0,17.11235697214193
4.1,19.326166467225207
1.0,20.82513106154865
9.2,20.523087040986862
61.6,22.412468236516414
2.3,24.585259835688667
1.4,18.421173867203112
2.1,21.886117219482326
3.1,17.56379713219812
11.9,21.042085264239795
2.1,13.893038363308003
1.0,16.079070690821542
3.3,24.613346199885903
2.2,15.333450851812229
2.3,13.826418642842174
2.0,17.517037711748753
4.0,14.165559008740331
3.0,14.158958965980956
2.0,15.40389226939395
0.0,16.418151036367554
4.0,17.584582369429828
2.0,18.648867474438617
1.9,16.09230562536884
15.0,15.961738667426195
1.0,10.938685307457058
2.0,6.198204658288829
5.4,16.27875574647971
0.0,15.957537590468903
2.0,15.657982230249985
4.0,19.316591044417002
23.4,19.13804880683032
42.6,11.090776881360258
16.7,10.508265635737864
1.0,8.950188395777186
5.0,16.48097540694077
0.0,11.854663945033575
1.1,14.75310143120901
2.0,18.30490843698741
0.0,10.79434346879829
1.0,9.533670183780501
1.0,12.327771434681049
26.6,13.52030225695297
3.9,13.39364994417692
3.0,10.92213612833963
2.0,11.120318891759386
2.0,12.991980213799302
1.0,12.719154577212247
3.1,13.938563167663144
3.4,10.159743443247821
2.5,13.942179864865777
1.0,10.570750448390491
5.0,5.914016682478834
2.4,11.29008169671141
2.2,8.975002150108768
3.1,-4.616103502694321
1.2,4.5177798468346815
1.0,5.0913139811798915
2.2,7.305703201219494
2.5,4.597834613690411
3.0,6.207946167151533
0.0,5.386760780121627
1.0,11.427481303563901
2.0,8.150191713308757
2.0,9.877031862649638
3.0,12.443750209453134
30.1,11.863485600560534
2.7,8.746273730672954
3.1,12.272047434568496
2.0,7.252369246108443
7.9,7.021441479963897
0.0,5.7306296824762475
10.5,11.864908378302346
2.8,8.394909720365987
4.7,-0.46489148433452954
4.3,0.5790059361706024
3.6,-3.0117338676184935
4.3,0.18449207490194164
1.2,-3.9590665607821984
1.0,-0.41025427443660645
1.9,-1.671318599588619
0.0,-0.02916567637651213
0.4,4.010739753009803
4.2,4.342195897932143
5.0,-1.8412877306165638
2.7,-1.100081703649907
1.0,2.390327525882515
3.2,-2.3950941224637132
7.0,1.4707878372680185
2.9,-6.478467193772052
4.0,-4.79040248441647
1.6,-1.9726730966364163
4.0,3.5078563241676974
1.7,-2.0801666131986964
4.5,-1.287100544836803
2.0,2.8109275358587964
2.2,6.436889769504434
4.0,3.5617887837556523
4.0,-0.3949604836629499
1.0,-3.0270440832284233
4.0,0.19563961663558424
4.0,4.612495188329442
1.0,-3.6782070031341387
2.9,4.939509729846386
1.5,-3.415196163642721
2.3,-1.0683854492121991
0.0,-7.241628285475444
0.0,3.5107283084004703
7.1,4.008864217345173
6.7,-0.9842632607926622
0.0,-8.302151532251292
0.0,-9.840932615056154
1.0,0.7678559806561671
2.0,4.412316926201094
1.1,-3.2656133097035953
0.0,0.14336686308260105
0.0,1.8565784258383098
0.4,4.549567342422516
6.2,7.691839931471103
1.3,-1.7910997592524716
1.0,2.8354048982222375
3.3,3.1317578447113603
2.4,2.2814004203515146
2.0,4.4869301924228635
6.1,0.5400448411354675
2.9,8.406185674036863
1.0,2.1710905738148956
0.0,0.6303506691702037
5.8,4.109475522357838
1.7,7.52905771624987
6.3,0.9438204274713831
1.3,-3.526460601562465
3.4,1.644043962017551
1.2,1.9612936587713485
3.0,-5.851246510316826
4.0,-5.510839892167399
4.0,-2.2554125499881956
3.0,4.670531406301643
0.0,-3.2385213065831633
0.3,-2.691934165555424
3.0,-0.5242224946018001
1.0,0.1979960939631682
1.0,-2.5217995775948427
4.1,-0.7273444047562823
1.0,3.417018550635955
2.0,8.766583678821855
2.0,2.6569504674851774
3.0,-3.318090868242013
1.0,-1.4681126708005916
3.8,7.419154913044892
10.0,4.70015804297642
0.3,4.499216194469942
0.1,2.4334476565306016
0.2,-1.4290234881993547
0.0,4.855160135482258
7.9,5.565930454093131
1.0,5.7391086269334295
1.0,3.2157672666929735
0.0,6.236066500357232
0.1,4.161191401107381
1.2,6.437550093339119
1.0,3.108670254960324
1.6,3.5801788378042496
0.9,3.1881233417554147
3.0,7.9788752580861235
2.8,3.5041007388498793
2.0,1.2342748199963272
6.0,-3.7114675084127935
2.0,5.956825951197498
1.0,12.323836149675287
3.0,2.1857269372074324
2.1,10.681586544371164
0.0,-3.283543664383045
2.0,4.413861270373357
1.0,2.425565689547515
3.2,5.5319851838587
0.0,2.3936449354082123
1.0,5.454069182179988
0.0,8.199561855566245
2.0,9.602166374277328
32.8,8.215114662769
3.5,11.2697339574958
1.0,13.09832958132466
2.0,8.888119116956046
1.0,10.830742505848546
1.0,7.452960260738195
1.0,2.3074303206137428
0.0,6.343744337658465
3.0,5.964723944271014
0.0,7.706593165006847
1.0,9.09819217338758
3.0,10.775258258912395
1.0,15.165564109175197
4.1,15.492433402594267
3.9,8.51473024842125
9.7,20.29195315866919
11.0,10.790765527704071
19.8,10.218619771545466
6.0,11.904158547686748
4.2,10.840511717897806
4.9,11.889831949391123
2.3,1.37160022302636
4.0,6.774492278953552
1.0,10.99109379214563
0.0,16.159473334998083
1.6,11.665886390534826
9.5,8.36867717806216
14.2,9.802202409000012
2.0,17.916580655204427
3.7,10.456031516092311
1.0,6.141787892216748
3.4,11.541321999925001
16.2,16.251905902977416
12.0,14.247853427026032
5.0,18.575682801112197
2.0,11.094783717802773
2.0,17.80864357566596
4.0,13.159858424895614
1.0,13.58188650165865
3.0,20.126333704060645
3.0,19.59834923151998
8.2,18.681923521546004
23.2,12.597907669216298
2.2,23.71589253983725
3.0,17.408284014363574
4.9,15.466794898270473
15.9,15.157123530243874
1.0,19.61107718443907
4.0,14.435695259570709
0.0,15.022213569214768
2.0,16.29846454018588
0.0,13.959882732476437
3.2,14.013485359700638
2.0,11.95149120155321
24.8,22.76967875017716
9.0,11.415296122598576
3.0,21.59836572550916
0.0,24.06030241051228
2.3,16.53543512127384
2.0,19.18779149199935
1.0,18.38865946386339
4.0,15.372707259029568
1.7,19.588327321819545
3.0,24.080897695849995
9.0,14.338617141546784
0.0,18.547723546268692
3.0,19.94575129478936
0.0,17.441263792729934
1.0,19.32376886203618
0.0,14.856128941634871
1.0,22.190461285195656
1.0,23.455914956155958
0.0,25.09824798360245
3.7,15.521648642413814
2.0,20.413131958584597
1.0,23.36866047681918
1.4,21.23126874386444
1.0,23.32033565010221
3.0,25.70400936506906
5.2,13.8044192709696
0.0,14.439048953617814
0.0,24.247553270211945
5.3,14.418104947671
2.0,21.597573806079673
0.0,20.17239064093404
3.7,24.60035855673931
1.7,27.353259980426124
2.7,24.227663797510136
8.1,21.441415621529405
1.0,22.708789723671217
2.1,21.61917760975241
6.9,22.14414939394892
2.8,20.205156652928913
3.2,20.761381758130305
15.2,17.835406717327047
0.1,20.624366753279507
1.2,25.2659140299851
0.1,24.655237156644624
6.4,19.6872257007798
17.6,19.60997644878139
34.4,19.126649949506405
3.7,21.70395259118132
1.0,19.937485112633837
2.2,23.048304471818348
12.5,17.61027889205141
1.9,17.321405776715437
4.2,26.623206566716867
2.5,18.60009578961082
1.0,22.52507759877824
1.4,26.248627303224815
1.2,15.56903949715636
16.3,21.164005353440963
25.0,25.00413033644218
20.1,21.34573268833996
3.0,24.488410904496504
11.2,27.47995974472976
45.8,22.036456734530784
3.6,23.23950212090759
3.1,24.84397232797739
1.0,23.908461459040552
2.0,23.676035760261044
1.3,21.23353406492827
4.1,20.66986947934323
4.5,26.04796584595534
2.7,21.771795815710867
8.1,24.76213422061134
7.8,27.432884073956785
15.0,24.214699565463576
19.4,23.33928549128169
9.8,27.732100612086242
4.8,21.357865328010586
1.8,31.38775357694535
5.6,29.068690392001763
8.1,26.899039407993456
1.0,29.90907647015787
3.2,27.561451690081824
5.0,25.680308877149255
6.1,19.890668540700652
0.0,27.622289519080578
0.0,31.13237796535915
1.0,33.54595286112392
4.0,34.24577307822467
4.2,26.512001820090383
8.8,29.086602215658978
1.0,26.880442384959657
3.0,31.25699359704557
9.7,28.751332016790208
7.1,24.690439269313462
6.9,23.641271066274975
2.1,26.573150969667253
1.0,26.287558119620627
8.9,25.870903875593257
1.0,20.628597718368557
3.0,26.720707977005024
3.0,22.843264353152545
8.0,17.371637589914112
26.6,22.0580444315146
1.3,24.3299592486556
1.1,20.829650102205278
4.1,19.7070151599791
28.8,22.05217429846776
0.4,20.73395259193599
3.4,20.510372063353564
2.5,26.098465299301374
4.0,20.04723578160953
1.4,28.142483495644598
2.8,22.193770670726355
5.0,24.76697506070353
10.6,21.781804791868574
5.8,16.859908950631826
2.0,22.809243395991388
13.4,18.577386624936587
8.6,19.03391725328205
1.1,19.824656335378634
1.0,16.065770162394514
1.0,24.320462964570126
0.0,21.697271087262404
5.5,14.914753237160262
6.8,19.33400555204756
1.0,15.873357198448732
2.0,18.926513562726395
1.0,18.126706471430726
1.6,20.49905874422107
4.4,19.991908771800958
1.0,20.2159605205359
2.0,19.62357647113838
1.0,22.822997537154265
3.0,18.66522921453759
2.0,21.900314588931444
13.4,15.848226568840417
6.2,24.28684193664891
1.0,17.47411931308456
1.0,21.89108978071266
0.0,19.251678630509716
0.0,18.23843180098516
3.0,18.55301488124013
2.7,16.541665549986632
41.4,17.753605628143667
2.0,18.624037965338722
3.0,20.41364815327715
1.0,11.453088488103875
0.0,14.646874861744989
2.0,18.33052690507898
2.0,15.02049788834227
2.1,15.08730893189861
1.4,22.621803496334635
4.8,16.79831275261468
4.2,11.383149593506943
3.5,16.494954837996687
0.0,10.63863269641725
4.0,13.001099358155365
2.0,14.135705131827091
1.0,18.455640308932733
4.0,14.425809211965847
1.0,16.516534489760897
1.1,15.758647880598609
2.0,21.977263474022443
2.2,24.07245420606983
2.3,17.371702975619154
1.0,17.460293295209127
3.2,15.928957475125985
3.0,12.974605590839872
1.4,15.382542893189836
17.3,16.096238395153122
3.0,11.36119255131881
1.4,12.857859884103142
0.0,10.31492370670155
3.0,6.744568609226311
2.1,8.16482223871694
7.2,9.055457928817328
2.0,1.4301766287300506
2.0,9.170473437034596
2.0,10.939586418252881
3.6,19.47277378132551
33.0,13.749131279415643
15.8,18.979778965263854
5.2,13.480953246773865
0.2,13.831808187639039
2.0,13.247366228031558
0.6,14.632278504904185
28.4,11.750539459752918
7.0,8.119569746861654
1.0,16.680581974681452
11.7,14.51056202890103
1.5,12.736518421473313
8.9,15.907763716057328
3.9,15.079952577053215
1.1,12.618081552254674
5.1,4.855902216943962
6.6,16.726222588612693
9.6,8.203152142009376
3.8,5.795407120553772
11.0,3.9109939399596416
4.3,5.446692016519876
1.6,3.484852408081348
3.0,-0.36827381858446984
0.8,4.648901729816477
1.2,10.13389619901215
2.0,4.801378586250618
5.7,4.898538547358708
3.0,6.587365386296058
5.5,7.0408436602623174
1.0,4.655215324788946
1.0,8.10143709219204
1.0,1.4257576246971269
0.0,0.39360460370652284
0.0,7.017747825639997
14.1,5.842215889350466
3.7,6.380189573387006
3.0,2.4512994088247497
2.0,5.127925318538302
7.9,6.099070360973351
2.5,7.861851178552912
4.4,-1.0092700420989476
1.3,-1.799243010467136
3.0,-0.20267340200932515
1.0,-2.481395991374178
1.8,1.8344720216020365
3.5,2.9029061157856493
1.1,6.850745418005623
4.9,7.312806305570908
2.0,0.34784757342057837
2.0,-0.45161103926923873
2.2,6.641685788012742
2.0,2.562154235315325
2.0,-7.828792615127922
0.0,-1.8824156531839915
2.1,-4.567175448182456
3.3,-0.6602279960688557
6.0,5.233476395232363
3.0,6.230147664842043
1.0,10.256480805949591
0.0,2.0621532732497494
4.5,-3.0183326084848416
1.0,0.3161608532139227
5.0,1.103453711216177
1.0,0.1222813588171503
1.0,3.1159091979372775
4.0,0.18140526664478696
3.0,-2.6684037061402464
4.0,-2.607202545269956
5.8,0.17490664264213285
2.1,-4.5327239223869356
0.1,2.3975744557334284
0.0,-0.5627206648956151
3.3,5.155114562685608
5.9,2.2397299677970253
2.8,-5.208736031244499
1.0,-4.570985957016685
2.0,-6.335035835721953
0.0,-4.354234210730564
3.2,-5.4132641272860464
3.5,-7.095843105077516
0.3,-5.459458416384557
0.1,-0.12694348363266994
2.0,0.10253896621922233
10.7,1.8774593698296116
8.2,0.4794679215068096
0.6,3.9599218231701254
1.0,-1.8455001827563013
3.0,-1.2574733821249158
3.0,-4.325502793770442
1.0,-0.5156907516559481
1.0,0.7053137106305554
0.0,-1.3026776758868939
2.5,-0.8596076499129408
0.0,-4.906386572963101
0.2,-0.10128827511856842
0.0,5.210368100752351
1.0,6.001056847094805
0.2,1.2769417147577355
20.7,12.12305234477286
11.4,7.850085870992159
1.8,1.6978903478176037
2.2,-0.009297656458118198
1.5,-0.7244461736788126
0.0,6.349766180014011
5.1,-3.6170291845740237
2.0,3.6526950718586253
2.0,0.07532026181360063
2.0,4.885880712361
0.0,5.21125143843539
2.2,1.8666273076985318
2.6,-1.576793852448595
1.0,4.875237528724644
3.8,3.33769108165182
2.4,6.777726980247049
6.8,6.328902976469548
3.3,-5.205279665843911
0.0,0.11764897414890707
0.0,-2.7073307138707596
1.0,7.940459017455806
12.7,6.581732911477795
28.9,10.929228653991217
6.5,10.20361782312185
2.0,4.873661619057712
5.8,4.444217594324027
5.0,-5.35346732828935
1.1,7.038130348928926
1.0,1.9486401277659962
3.0,5.2205163917686885
2.2,0.8784049530384084
2.0,7.342785656776308
2.0,1.327419273570471
1.0,12.497341052912804
0.1,4.472075534511217
10.3,12.977813423184276
0.0,11.985336113084475
1.0,5.927804965812331
1.0,13.07990534618192
3.0,8.201331731247404
2.5,8.43563619229088
2.2,7.452336446779306
4.2,6.983262888312351
2.5,7.016512032706178
0.0,7.503432320814367
4.0,11.332771118306688
0.1,17.83173939065705
3.0,14.164133746607995
0.0,11.64287568198841
0.0,13.387779566012725
1.0,17.35097157455818
10.5,12.52235479902828
6.8,12.143542467207581
2.0,12.20763612275144
14.2,9.478727646996546
21.9,14.657012116721983
2.0,11.864275283702145
1.0,20.69604593073948
2.4,15.309371560729947
1.2,7.7058784629982835
0.6,16.02122190654198
14.1,8.127229548666895
2.0,14.820065012865971
0.0,13.755791081577385
30.2,12.638173610128632
10.5,17.44285732395414
3.2,12.34069709472559
4.0,11.988404927426497
0.7,16.339044671056506
29.8,11.747860483434621
1.0,16.19377002425828
0.0,17.278408985814185
2.0,14.09233233382664
0.0,13.51391492386405
2.4,12.110107011387775
28.0,13.308730164887022
4.4,14.9435511624598
3.1,16.390482025154817
1.0,16.362214425998612
1.0,17.775044614467287
9.8,21.50549959491481
27.8,14.323720703705268
0.2,11.903353856727929
2.8,21.410775222285597
3.7,19.40464456571368
3.0,12.575592134344863
5.0,17.469043033072587
2.2,19.450909479772616
24.1,15.757900034675801
1.9,13.441577173240503
0.0,10.934373246658648
2.1,7.873962841375075
0.0,18.16797150013023
12.6,20.620236830460183
5.9,11.937210599882158
3.0,23.97289898230209
4.0,21.709768319426455
5.0,25.764864156473617
2.0,17.295729935322264
2.0,20.065727477279104
2.0,17.235331604007015
4.0,19.13289465979242
21.3,15.920430818856438
2.0,24.388169606555255
1.1,24.72530450812223
2.1,25.473580209453107
2.4,18.87120344936977
4.6,27.077424100412166
1.0,20.69936462891276
5.0,21.870818474320423
0.0,16.579175816536058
0.0,17.96307620436294
1.0,22.99317224792488
5.9,15.334239450454032
2.0,17.848921730678214
0.7,21.26334311687044
1.3,18.653712648714777
2.7,18.43526563930795
4.0,15.420349801277048
5.0,23.812425294254663
2.1,22.851332596178132
2.6,26.028963409499145
4.1,21.507494353405328
1.5,26.805402923098406
4.8,22.04581228347182
2.7,24.195262405283547
3.0,22.587132582824605
5.8,22.942043935950675
4.4,20.496073291612152
6.7,18.008578861851166
2.3,21.517492120519677
9.0,22.4906604443496
1.1,25.217334993263282
30.3,21.621759307147652
1.0,18.34850476174575
3.0,24.911881777033255
1.0,25.584992341592926
4.5,21.896242224753355
2.9,25.35752722463408
4.0,25.68978115423105
58.2,25.286238149894487
24.6,25.886194915212254
24.3,21.044627482886987
53.2,24.27089158087314
41.5,27.609320226628185
28.8,26.147590624441406
4.2,22.53151389787069
4.0,26.391191342360706
0.0,27.11068883303127
1.0,24.482122989357833
6.9,25.792461701638313
9.2,24.69916966005771
3.1,19.610974009366302
6.3,24.057533993812115
3.8,28.891496871770833
28.9,21.397302857052594
1.9,21.2479607625572
4.0,26.08977626344069
2.1,26.633181164210775
0.0,24.208575401671887
4.0,23.360823033276866
1.0,22.173146998175767
4.7,26.392121945758568
6.8,25.07932675227571
5.8,29.698320056046697
2.0,29.371772884709664
3.9,28.68997403250042
1.8,31.783949639724423
10.7,33.663346822974
7.7,30.95248557107647
6.1,29.026117347962455
6.4,25.321470593422166
4.0,27.56127191158332
3.6,27.0598389875359
4.2,30.43604782709166
1.2,21.138558413520506
0.6,32.02007814511078
1.5,27.054723754465638
7.9,29.795321010380754
0.6,27.817306019845038
2.0,27.578041765848063
4.0,27.658156518926003
2.0,31.580611889812786
2.0,29.856042820943653
1.0,26.300823043747243
3.6,26.264493120956885
6.0,27.909170686174296
1.7,31.927866014841307
1.4,26.194443571400893
4.4,33.72685014796157
1.1,19.94563781164812
3.2,29.113975106499428
2.2,22.312717981948715
1.8,22.79939421436966
0.0,31.85481746457515
3.1,29.15488828256423
11.3,18.827738740484055
0.6,21.396353065390276
24.8,19.963310209197925
4.0,20.283915128780993
1.0,22.1768716349387
10.8,21.074151405888156
3.0,24.289784190278205
31.9,21.37227919348399
21.5,19.36420336964231
3.1,22.518753109268047
2.3,27.059862042821052
2.0,23.179157554413546
3.3,26.565011479133254
4.2,23.394892187286565
1.4,20.806478371442765
7.1,20.97485377384535
1.2,24.176944266790315
10.8,20.031182219874175
3.0,23.357757703997184
2.0,19.268728604314916
2.0,25.374025987724472
6.0,22.350784507189076
85.6,15.111814629636045
10.5,19.622967764993493
2.2,18.775684803459683
2.0,18.062722117207556
0.0,24.38347080870853
3.0,20.1096262555808
3.0,23.327328493341632
3.0,23.008799057984753
0.0,22.830095803441406
4.2,22.031628508896844
5.4,20.51270146904664
10.6,23.857686934677258
1.3,15.470928941226603
17.0,15.035192056990857
3.4,15.67330036455554
10.1,21.509475526953644
10.6,17.802557057025513
0.6,13.485685831938598
51.1,17.62126467871493
2.0,20.311089452795915
12.3,18.394094282274068
26.6,16.062714119978814
0.0,19.54450344819181
2.0,11.08561840818419
0.0,17.568296839018423
0.0,14.705272100329463
1.0,15.899811435248479
3.0,16.315407459422165
1.0,19.275017442912628
19.5,14.744857670688447
1.3,16.073615887141074
0.0,14.347417346674453
2.0,16.373216273180567
2.1,18.076785885041627
1.4,11.95970138599096
1.4,16.692165222811862
3.3,15.568011243655821
4.0,15.879398513846766
14.7,14.493837488648648
3.0,18.039021160210993
1.0,12.837659097036793
6.6,15.884803131976888
1.7,12.385296328316448
0.0,9.900625637726995
1.3,6.505766330304186
0.0,4.605410763478074
1.1,3.9316007923264222
2.1,8.932055312702415
1.0,5.348940950286062
5.2,19.146680760528774
2.6,10.64085986743469
3.5,5.844449772947534
5.7,8.18584095702849
0.0,4.062672553153747
4.1,4.280331521693578
1.9,10.480465896103278
1.0,15.471013347621806
5.0,14.061823836068873
2.3,8.95991935062001
1.0,9.309622460589404
4.0,5.603225291714031
2.0,7.3414457317935025
15.8,5.302500548043903
3.2,14.91821722351119
1.0,11.900058404955498
4.1,6.22591053188619
1.9,8.014303531174217
2.1,-0.26968778750738265
0.0,-4.30019055899676
2.0,5.131924473873114
4.4,-2.337759216814959
1.1,8.086431070986942
1.0,1.4031747977039029
2.2,3.0709217768579573
4.5,8.467611679836311
3.1,8.575423838981672
1.0,8.039098223299664
1.0,6.759477548405425
2.0,1.9894614789332756
0.1,5.438939275017085
3.0,3.393808684086868
3.1,-1.3867793937662163
3.3,3.929331650804899
3.3,5.11338607988264
2.0,-0.6090584824839917
1.0,0.3315011306458435
4.2,1.4354994114222763
3.3,5.551149107696855
2.5,5.58294567709104
1.1,-0.16343341131084865
3.0,0.7923552607599234
4.0,2.8282643527234854
0.1,1.500071619701436
5.9,8.321711843821214
2.0,10.466853474004164
25.2,8.709907357966413
17.4,8.085644199001276
0.6,3.0727875549206107
0.0,-1.2642946486087814
4.1,0.8003421107669197
11.3,-0.2878153760751294
4.1,1.1607945169342837
2.0,0.37929776506733304
0.2,-5.024565377882245
5.0,-2.6747214168793483
2.0,6.028897723099323
2.0,5.624606981863659
3.0,6.168001726105903
7.0,6.438075867159238
1.0,6.266930932831493
5.0,3.7079907434367803
1.1,8.213965160866024
2.1,8.542331299943772
1.6,5.3809272732619045
2.1,-0.6896606161560808
2.0,1.6663345148826276
0.0,-0.7336802844636465
1.2,5.16314800963448
4.3,4.812166397943262
1.0,-14.07067032722793
3.0,-8.444753602806308
0.0,-2.9186870882920335
1.0,-2.434066180707389
1.0,-2.565385219687636
2.0,4.020764047925388
4.3,-1.3714511987674152
2.6,-3.8986003425564117
1.6,-5.882442024557737
0.1,-3.7895391512765673
1.0,-2.9577831145603914
2.0,-0.9725360446392779
4.1,7.575574780099224
3.2,5.541816503537097
3.0,-3.7871865190657807
5.9,7.705955857379699
4.1,-1.5022269537761113
1.0,-5.489860797399928
0.0,-0.8914470124263876
2.0,3.224773500963121
2.0,0.17213551224271684
1.8,5.323682056435173
5.1,3.570288590277369
3.0,-2.7854268511564486
1.0,-1.74748875505757
0.0,0.10162786228155707
0.1,-6.48938539101453
3.6,-5.300764625522412
0.1,3.5521529057292236
2.0,6.9832134203349066
0.3,-1.211435939901139
2.0,5.023436225971733
2.0,5.485134631367767
2.4,11.16478944307725
4.7,4.887531835496413
4.0,0.35019072799258144
3.0,4.072012444213648
6.4,3.9366185716502455
1.0,0.14233775160247752
16.1,6.534022792710606
1.0,1.594225363306456
3.0,-2.6522209056729595
2.0,6.945469628099161
4.0,4.3640954940386525
0.1,3.4098467137438706
1.0,3.5999371711907253
3.1,6.340352105785338
3.0,4.830508224447733
1.0,6.051993492106169
1.0,4.530585388584703
3.2,6.570492631473527
3.3,-0.7586410344308088
1.5,0.578953330392688
2.0,1.9088371588081197
1.0,0.6543965168839971
2.0,4.96805220462204
5.0,2.9743901974393894
2.0,8.097429708418904
2.0,10.52298075208684
3.6,4.185541453598196
2.0,4.742626594680122
0.0,5.515224823636607
2.0,2.7103412631664874
0.0,7.447218519407706
3.0,8.324862504052572
3.8,12.260353365878805
2.5,7.266800931492733
5.0,4.891519119175239
1.1,10.26054731763649
1.0,6.610021673874109
7.0,8.494976206472057
6.2,7.742195524201934
4.3,3.791420975319965
1.7,8.461997622274868
1.1,8.955117922498106
2.0,7.815245821384404
3.8,7.386794444005092
4.4,11.142256649367972
0.0,7.8669625549782
2.0,18.46259306329893
2.0,11.238141251701874
18.7,13.128565826879862
9.8,14.244032292467434
0.0,21.66607780598865
2.0,15.092553236881447
0.6,12.995180930615629
0.1,14.618767036478246
13.8,12.06696504735365
8.0,12.565027096491367
2.0,14.865717354509233
2.9,18.671992632831955
1.1,18.590030545017623
0.0,21.74866685903955
17.3,16.979941690993122
3.1,10.961210151148535
1.0,17.538128363398826
4.9,7.242260225705918
1.0,10.565134519517851
1.1,13.054871668756874
1.0,13.055958178273967
4.0,16.972526436260043
2.8,16.104674195967906
3.2,15.561326284463185
1.0,13.272296456914564
0.0,11.697483378942058
2.0,10.61372411212577
1.0,24.210036027474413
4.0,20.029281557797013
4.0,15.322297531639675
0.0,20.334448024416222
1.3,22.326672761951624
7.7,22.38777594545017
2.0,14.456281050597006
0.0,15.19928472306547
1.0,13.693065602177994
14.2,14.387528876037361
3.1,19.709402299643614
3.3,20.469781896014826
4.7,17.83443594541626
2.9,18.686911375912935
1.0,18.51666046891164
4.0,12.194430297472472
3.0,16.1119899760247
2.7,16.85319572647224
2.0,19.953954270054194
2.0,17.40150660925648
0.0,20.859617459183184
2.0,14.346643608048273
1.0,21.256990346929836
2.4,20.171194109605025
6.6,21.13886700395232
0.0,19.13039977961098
2.0,12.028746773685542
2.0,18.827479809527098
1.0,21.743716388261923
1.0,18.927016212752328
0.0,23.145080132725756
6.5,19.511371048291412
3.6,24.70779440356042
1.1,22.763011377413836
0.2,17.30651088879583
2.2,24.380873157953513
0.0,20.128022736293673
12.7,18.66040492399752
7.5,16.234797928882585
0.0,14.766673737831493
0.4,28.58575830828558
3.4,21.122844706890962
3.9,23.024887689550447
4.0,22.502374419023333
3.1,21.021145384846836
2.0,16.684469714166056
2.0,20.41833322390002
7.0,17.084116491024314
3.0,22.45146527223938
2.0,27.53475395177736
2.0,22.152931883836622
3.1,16.44633593629939
1.3,26.90002055716909
0.0,20.26639631308246
1.0,22.429930829030262
3.5,23.543423944831765
12.4,25.583276546073968
16.4,20.0433686976459
5.0,29.373982808813793
4.5,21.602798432986734
11.2,22.371127536148737
1.3,27.430952415215966
7.0,24.981399112163558
25.3,26.780393505877836
29.4,20.207904255376434
20.7,24.378910169129142
2.7,26.961599606381018
19.0,20.72964981714248
5.4,26.046153536752584
24.4,30.975442082643355
11.6,28.920187900968138
29.7,22.420148561162968
7.8,29.62439648471539
0.0,23.64858617508019
3.0,26.898514489379554
12.8,29.3287841610932
21.7,18.681888188048205
25.1,29.07604827301862
7.2,23.784168790553814
8.4,25.07311403705639
4.0,25.619776042111035
3.0,29.717396788150513
4.7,28.593269760028647
6.6,29.279759433456473
14.2,27.123524455289296
13.0,27.76842568211183
11.7,26.844997923587716
1.0,24.40863703514691
0.3,23.624305633827355
13.3,31.895016848560324
11.4,26.49291377785102
0.8,23.059956542817844
20.9,22.624602201475675
3.2,25.789396904659114
5.4,25.951451894085
2.0,26.094820426420565
4.0,25.067070610275657
3.6,28.482953005856537
3.7,24.35616751280348
2.6,26.800461987450845
0.4,23.917381722217453
12.6,19.33261618074345
16.7,25.912980142291858
10.8,27.20549641875404
0.8,21.948318446444752
4.1,20.60515678213209
44.9,24.41075194662389
31.1,22.998184763816894
7.4,22.162582050475372
6.3,25.702191124785088
9.0,25.526266657936073
9.1,27.45877990028473
24.6,29.43117400624853
26.0,23.851022391887835
10.2,28.109204265643736
14.6,26.718192893318445
14.4,31.719388769277057
6.0,27.153502511500406
4.0,24.152946648157585
1.0,24.457516731184068
8.4,26.89193586152365
2.1,27.0663130672661
3.0,18.87049392292682
0.0,18.34641242903656
1.0,18.978565610714064
2.0,18.353473304023744
3.0,23.427184101508693
2.0,21.75593401392003
1.6,18.19046275441398
15.4,24.368808341974965
3.2,18.85268232796176
2.0,27.800643068541653
0.0,20.192956994661944
1.2,24.47535781959999
47.6,28.524743333336964
4.0,25.99543494502443
2.0,23.325710602925138
1.0,15.67468088771755
3.0,24.463100426737395
0.1,19.4197320783132
4.8,21.12701589941786
1.0,23.466233769985998
5.5,22.669844632985246
1.4,20.943938782585068
4.0,20.877646647398713
0.0,17.709142670601594
0.0,17.511564887292323
2.0,20.092425575555364
0.0,24.579624413173377
0.0,20.08453684062963
22.0,19.15528385626836
1.2,20.05176513661799
3.0,13.253770920259583
1.0,18.421003516671025
21.2,21.6383301904658
15.0,21.64814673652055
2.6,15.190023802214803
2.1,13.434958486476443
1.1,18.3507914594807
11.4,13.20056500193396
3.1,18.480100572238946
4.0,19.5513211058069
1.0,24.753935364078743
3.5,19.08051833128357
6.3,14.293725482427998
10.3,16.093573984850924
0.0,14.867448708404954
2.0,10.83285147750388
0.8,16.17364819241552
1.0,15.647541390865284
3.0,17.84904158024395
1.3,13.624117933973771
0.5,13.209586345989813
0.0,18.84162849280822
2.0,18.147115996867054
3.1,14.868523045073037
1.0,10.936218416153974
0.1,13.2411639529124
1.0,8.684029515507369
1.0,13.29267645942367
0.0,13.250183473740599
1.0,16.326630782151987
3.9,13.53236028352569
0.0,13.626677296104003
1.0,12.195299061818053
3.0,13.17892199428033
1.1,15.885815519052676
1.3,11.102094286527665
3.3,11.124057525668572
1.0,9.212106923106354
1.0,7.965537447755925
4.1,15.5927341900785
2.0,12.388536754890117
0.0,0.4814241496184941
6.0,15.431276496290423
2.0,3.5777732647273774
1.0,2.592600407893441
5.4,10.21335302893473
2.0,9.08559997969374
3.0,3.193049684906012
3.0,2.11426122795479
2.2,6.729199383104808
2.0,4.331922985702088
3.0,3.255003480791263
2.0,7.073956433658251
2.0,-0.3200930443545924
3.5,4.610585263482962
0.6,0.394030019414221
2.3,-0.5483533182767744
5.3,4.623126234188049
2.3,8.473795762913655
1.0,7.5974977283459335
4.0,10.068842276038765
3.0,7.515899263548925
1.0,0.3047616976082683
3.0,3.8866925999288973
2.0,0.7358301065987582
1.5,1.0183244567159733
2.2,1.8285236551374657
2.2,-1.835101344544039
0.9,1.5449205321781885
1.9,1.1436394211259433
0.2,4.516502306660955
1.0,0.5280349338557313
4.2,3.330537739054773
0.2,-4.242664569981371
3.0,-9.251916072403716
4.0,-7.983746131439161
1.0,-6.803564149630678
2.0,-5.87418725280742
0.2,-3.094161192731532
0.1,-9.071337908690538
2.3,-1.087370102361183
1.1,-1.6100700514319766
0.7,-2.433510791962404
2.0,-4.193248277028176
2.0,-2.944905723581881
2.0,3.8244980928015986
15.2,4.151110483138748
2.0,0.948098559677867
0.1,0.5759607836624995
5.0,-8.92435114355564
5.0,-5.075458340958694
4.0,1.5251823817719634
1.6,8.32530849920706
0.4,2.9601103734267857
1.0,2.673923858031061
2.0,0.8415148987072527
0.0,3.3251656939899426
6.0,-1.222807977301061
0.0,3.693314863210882
1.0,-2.2393104702045203
0.5,5.012441442240398
2.4,0.37835285546968356
2.4,-1.1892536048325624
4.2,-3.9119065330733633
1.8,-6.0819525884294325
4.0,-8.802678818003418
0.1,-5.623289114897986
2.0,9.008252660182807
5.0,4.172743657115094
8.0,2.2007636786600475
9.0,6.942144273934947
3.0,5.849617709145551
0.0,-4.049429591923501
4.0,-1.2264113253932074
1.0,-2.973245952737363
2.2,3.3116986753891666
5.0,-5.000073623038229
4.0,-6.001516339076469
2.0,-8.16069523252505
1.0,-7.254207300205185
2.0,-4.71317573488917
3.0,-1.8773735732950525
3.1,-3.5569546601888717
4.1,-6.215352766725617
2.0,-2.7400507913450936
0.0,-2.8994635346652546
3.0,0.20526898446900121
0.3,-3.834662860053273
0.2,-6.938902794918135
0.1,-5.652291108539291
1.1,-11.869452807809907
1.0,-4.804073526629262
1.0,-5.135428228927429
2.0,4.2127274697546895
0.0,4.707260834631724
0.7,-4.579160867252902
0.4,-4.029236679019653
3.1,-0.8898655872928724
2.0,3.0617707132531238
1.0,-1.410621118459805
3.0,-1.4448690976840535
2.0,4.045437786104234
1.0,-0.7391227449241291
1.0,5.76498877519121
2.0,11.679919050368003
1.0,8.58742626309454
1.1,1.9941235990239146
2.0,2.621432239965266
1.1,10.447529325250306
0.0,-0.4302710927210045
1.0,2.111051917887303
1.0,6.188150580312987
31.2,7.629782164970102
1.9,6.760843867316154
2.0,2.7818389743531213
1.0,8.30017306060125
17.0,14.504628684244786
14.1,7.90745612336908
1.0,3.7218610619309453
7.1,2.27757258116132
18.7,-0.05376569571265577
0.1,0.23883195408154378
2.0,3.0473349218134436
1.0,6.382485791358038
2.0,9.097671386596378
0.0,12.427637858869467
3.0,13.306123424688284
23.9,7.999048521197571
2.7,7.298219591090641
3.0,8.873597150087912
7.0,7.9586850602854255
21.9,12.518575758533977
1.6,0.9777201199113907
8.6,2.879631786502862
3.0,2.762256807029941
0.0,12.922690874898969
1.0,9.610059514287023
3.0,5.944692637950548
3.0,10.390161315645743
3.0,11.077637515768355
3.0,14.627890932725066
0.0,15.480295677456333
3.0,13.386429318923232
4.0,15.04216978958745
1.0,10.767086734778005
2.0,16.733195090465234
2.1,14.826989147111194
17.9,7.007828249126033
13.6,10.742208271158741
17.9,7.938270953482224
1.3,2.387764218427833
3.8,7.349692357061232
3.0,10.459213230744158
3.7,14.431546688007082
3.3,17.3916060988977
2.0,17.671179226289894
1.0,11.24013810344203
24.9,11.855650897976721
1.0,10.40600658199725
0.0,12.51396812280872
0.0,11.017699936373894
3.0,11.837400067009364
1.0,14.88855396141722
1.0,17.934467393250593
2.0,18.942159393843028
5.7,12.019370842863907
46.9,11.0725901226675
12.5,9.055800346857426
3.1,10.933578339246257
0.0,10.702723330568883
3.0,8.07058192190099
2.0,18.68568971122035
3.0,20.146550505099942
4.0,23.543987467493537
1.5,23.112567652340644
13.9,15.222535861424946
1.9,13.453129340341029
0.0,19.917012191137673
1.0,14.629386875478644
21.5,14.445519868136204
14.0,12.352566754328747
3.5,17.82708695191256
5.0,13.908923890582914
0.0,17.280947191592855
1.0,15.445421149797808
16.7,18.53575591758006
6.3,21.328633013339022
0.0,23.47920898737518
2.0,23.520281030939124
6.9,17.008779647735444
20.3,23.455422234312348
9.5,16.630828072612417
1.1,15.386923356738516
0.0,12.39300310294274
3.0,16.694067360985827
8.6,11.891794762294104
13.5,21.45010076539556
1.0,17.605292668000025
0.0,21.824994460346264
2.0,18.8705290582772
1.0,14.557233455801974
3.6,22.833967580314216
8.5,20.35802068312158
3.2,15.518575092114185
5.0,22.35432976216775
2.0,28.593799748635043
2.0,19.16182370568957
0.0,23.62279981904199
0.0,24.333151601035816
2.4,21.970248403927894
2.0,21.386681107351496
1.0,21.102909599257885
2.0,20.190862211460168
3.1,23.235212162313214
2.2,23.21874906515881
9.0,15.392009563578856
0.9,16.03122745913626
2.0,16.121099872423123
1.6,27.284737367191163
2.6,24.520503933301228
2.0,18.90469029276171
2.0,21.40289452187241
0.0,25.005085461630777
5.2,23.500359425994933
1.0,22.559402770808152
0.0,21.80374918386743
3.0,26.99987046485263
0.0,22.505698101733174
5.0,27.29977889368064
2.0,26.46035700314066
29.4,21.843603243215558
32.4,23.17249176509253
42.1,21.814463895083033
3.6,28.26118065386229
13.4,24.219311999058256
71.4,25.89284323794195
46.3,24.973697439191536
12.2,30.80978512880595
13.1,23.496656977963735
13.1,22.331678282312083
7.0,18.59826653265964
0.2,23.252961762423652
3.0,17.556741963708287
14.3,22.407415634311548
3.4,21.48929733633093
4.1,29.54823311954205
2.0,28.154567909250524
2.0,26.701323951919772
2.0,28.644609712267147
2.0,29.421738001308462
1.0,27.005600654285793
4.0,27.826135184416742
2.0,29.197220791153477
3.0,29.14917523175554
3.0,29.963717052424382
5.0,29.94930150216509
2.0,31.405256707594887
1.0,30.462691676404972
2.0,23.362844047404096
1.0,31.596897312548567
5.0,24.45872028877254
0.1,30.9194661691572
5.6,31.622104693162782
1.1,32.75148174349878
2.2,29.247974436919677
1.0,28.473422224904702
2.0,29.257333272928502
5.0,32.0719806278775
2.1,34.72634820240623
2.0,27.278235083918638
2.6,26.025160214503604
12.1,24.943092624019044
3.2,32.101702673776096
1.6,29.073234185846243
6.0,23.82975112003498
11.2,31.779978105960268
2.9,25.773727227889307
1.5,32.86493713397309
1.9,34.535793371810996
1.0,28.334035017353308
4.5,31.08496922884874
7.2,27.948792389675262
2.0,30.87850784283456
4.0,23.75926224207181
3.0,22.044488721634924
1.0,25.193421873221055
2.2,28.47401442376187
1.0,26.715639179260318
27.3,22.24097380048811
21.6,19.26602906172952
4.1,26.086716908051052
58.3,24.20844670184389
47.5,26.898895932557835
31.3,27.767520962734746
16.9,28.012176913085874
15.2,24.048274105142777
32.7,25.27369902754272
11.2,26.961348572353838
5.4,26.048396202646856
34.1,22.92875248884098
28.6,23.803272077635597
1.0,17.44703922636496
2.1,18.50959043542818
8.5,22.439757881553323
4.0,18.388568392667835
1.5,21.50649847228449
1.1,22.384433417420677
0.0,21.267616458020775
2.1,24.44055187484766
2.9,16.622925417561802
12.0,24.93148288138367
3.3,22.279491456326763
3.4,23.60515428044606
1.1,22.929117837199115
0.0,18.235266331847527
4.4,21.43220640111066
15.6,17.69205833219174
29.4,18.100201141327016
5.6,22.888646584198735
1.2,21.924677509582743
3.0,18.51437570768781
3.3,16.312096641817078
1.5,19.211150757012774
2.0,17.691206498987164
5.0,17.601536344330796
4.8,14.496709094281574
2.7,19.154133911663248
3.2,12.988939252638856
0.0,19.281769481939413
1.0,17.80212061525188
0.4,18.936576104673033
60.9,20.981087145142418
87.2,19.42887525110501
2.0,17.037215360462582
1.0,11.849850925259211
4.0,13.918594055939703
5.6,11.707238296021453
1.0,11.60451086113609
2.0,7.8468413227604135
2.0,9.130100247679565
4.0,15.396310533312722
1.0,13.187058494058007
2.3,11.470490983289128
2.5,11.75311781594149
8.3,12.176528621964323
1.0,12.205851005479309
3.0,6.646670205183577
1.0,14.426474903845143
4.0,10.125008770037537
3.2,9.367954736753807
3.0,11.920430112062169
1.0,11.153637338948958
7.9,8.915013906766163
1.3,7.953100232042722
9.0,8.85165379936862
0.3,13.86128038017896
1.0,6.06932795192834
2.0,11.740295793443664
3.0,0.8974604808433435
0.0,15.962914756907976
0.0,12.499454977529119
1.0,13.006597837820218
0.0,8.289218238177089
2.2,9.874043763106071
10.1,7.9646953129006715
36.6,13.184087394103173
4.4,17.691603957868743
2.0,8.011156632356712
6.1,4.353216602826496
3.0,11.555597688994114
0.4,8.088522578362618
2.4,7.796248026360526
3.0,9.19805365945529
3.0,7.513678992969854
1.0,9.3095849441878
1.0,5.0751327964288855
2.0,9.898523115518588
0.1,6.635305052769946
0.7,8.88267000148762
3.0,1.7715480830951815
1.0,-0.5948883933189988
5.3,2.5349131069273203
3.0,6.911556883108592
1.0,8.14804085808364
0.0,10.375467630029334
0.0,5.221649527563277
2.0,7.607067978680073
4.0,9.027223942463966
2.0,5.145077560596921
0.2,7.453712405844542
12.6,10.506072946890477
13.2,2.4360070436244774
0.0,10.04731384957758
3.5,9.583461683453125
0.0,-2.8897981320264465
3.1,-8.599635413400648
1.0,-5.8355736789881
5.0,-2.524033813251636
4.8,2.1153305107851232
0.0,-1.3040615868022707
2.3,4.925120139676464
1.0,-3.638499832553821
1.0,2.3010144193540634
2.6,-1.8736446080254772
2.1,2.8307025593058213
1.0,1.936980699705194
9.0,-0.25606820540426956
2.0,2.712231143379525
1.0,3.6617821574722926
0.0,9.830320348521708
0.9,8.310588083263632
2.0,-2.802461362917086
2.0,5.465868580527513
2.0,-2.7059406734370173
1.0,-5.933336698461377
0.1,-6.616633793688366
2.0,-6.741893701675048
4.0,-7.664204909875835
2.0,-13.04643434897951
4.1,-1.4264337458753946
2.0,-2.5175996609625635
2.0,1.2435217806020487
2.0,-2.2904949995807904
4.0,4.348506884834389
1.0,0.6890587507256887
0.0,1.4803106281723986
1.0,-2.284768989597853
2.0,-2.3194843946262234
0.0,-8.262127361613619
3.0,0.5843743601817326
5.4,5.890910072149051
0.0,-0.6665530848209864
1.0,-1.7883366855465432
1.1,4.403857156508048
2.0,-6.582802208940404
4.0,-1.8962550187017237
1.0,2.4341832708731825
1.2,6.393333612090909
1.1,-0.28082331747225764
2.0,-1.6410497277673688
1.0,5.552333839025197
0.0,9.445340015652794
3.0,-0.12304015974917215
2.0,-0.22169730861638193
2.0,3.466093114301459
2.0,-0.775979194091629
3.2,-1.4105486900728823
1.0,-0.4363594983805902
2.0,4.081342953144389
4.9,3.0036203867387212
3.0,-0.5358075459033975
2.0,2.8013132509951655
13.8,8.38637957110176
2.0,1.9701961891353623
1.0,-1.352672410896203
0.0,2.367312863452148
1.5,-1.4377308472932184
2.0,-0.14829009919641245
1.0,-1.7709390012073944
2.0,-7.057786090718986
2.0,-5.788328793216746
0.0,-4.401841238687351
1.0,-5.133256953807074
0.1,2.13120700255897
2.4,2.802076395484381
4.1,-1.2407345945722574
3.0,-1.0992309853886395
1.1,2.7381242177506824
17.3,5.308629998162619
3.0,2.5042323929321446
3.0,3.171373055898724
0.0,5.1553958625271985
1.0,4.744374761450015
0.0,4.997531268943661
3.0,6.977695366425148
1.0,5.355180646545461
1.4,6.93177643508671
0.1,6.317358252140022
3.0,3.9838724092450457
3.0,5.689509666392482
1.0,8.451771344514505
1.0,8.244084215716915
2.0,9.911858957744412
2.0,5.630532073172441
3.5,7.790380898887458
2.0,3.254262727278368
2.3,11.285074042409633
7.9,3.7736197631478063
1.1,2.0607577604232965
1.9,8.153525080322517
0.0,4.695163869100831
3.0,7.461012455709806
4.3,5.695006960920549
1.2,4.902113183744369
0.0,7.7292214927265945
0.0,10.028367273580741
0.0,7.767527506933698
19.1,8.93843129035447
3.1,6.546478290308274
4.0,8.883692963529363
1.4,7.228738411969726
1.0,3.0063681661309336
2.0,5.867614446828841
2.0,13.420137491003956
0.1,8.041707055809342
0.6,9.648533061615883
1.0,13.955670181285786
4.0,7.697429522963827
1.2,9.255740041924302
0.0,5.356066936802689
2.0,7.131844827314302
3.0,4.608882601594337
1.0,10.96348264688719
0.0,10.781092072528622
4.6,14.150564780792077
3.8,14.226684776927097
1.0,7.646273069338329
26.2,7.844572954655935
10.5,8.834666071280818
2.0,8.288135199765264
1.1,10.246810346616138
1.0,12.441946098122147
1.8,13.551640489454513
1.0,7.866948243043113
1.0,10.012947324356194
1.5,16.114070543807294
1.0,13.665928829443642
3.0,10.967298612506
4.1,20.812296317546046
0.1,23.53479524489186
1.0,14.905002402759738
5.6,19.177047265137684
9.9,13.461100047727323
5.5,14.721080967072133
7.3,9.56793445471084
1.1,12.394026762412667
0.2,8.748076300781454
20.1,10.451686055897747
2.1,15.23884961812298
0.0,13.425883690002841
1.0,15.374255638995546
1.0,17.363356551525065
4.0,21.34537281203751
3.0,21.018019916186216
1.1,15.075921474582909
2.0,15.843595789063771
0.0,18.757646933492232
2.0,10.67220826267537
2.0,14.418178450537269
3.0,22.06889375935389
2.0,15.551584626329397
4.0,17.690526355855685
1.0,21.052235842874452
1.0,19.016497223018433
2.0,21.427403296930823
4.7,22.606271494973534
21.3,20.81222002525301
9.2,21.23448235137355
4.7,18.941225616880345
0.0,15.033482373531255
2.0,19.076249018468904
1.0,17.720506828529345
4.0,20.646953420844206
1.0,22.57648515065189
0.1,18.74041829818079
22.9,18.902863390442125
2.0,15.74263017348922
5.0,16.35924346745302
0.1,23.47985062387601
1.8,24.91333491713233
1.0,17.916237889926833
2.0,22.985928763458077
2.0,25.11818032656486
2.0,32.29773033701431
2.0,25.636064959472304
20.7,22.632087567374075
25.2,21.34457163864463
2.1,18.888170924013707
1.5,18.66702038872138
6.0,17.710556205815013
4.3,19.293912591380835
1.0,14.910740410896008
1.0,21.463022178204408
5.3,18.951989191075175
4.8,16.806570905627858
3.1,19.824098573772346
2.0,20.708265477958996
4.1,14.249059446251827
3.8,18.33426896628631
0.0,25.27192577270676
3.9,22.420249820543944
1.0,20.975350008872482
0.3,19.730469688408213
2.1,19.50695723955061
0.0,17.582956910149374
33.1,16.374689963766535
13.0,23.72395046374734
0.8,20.15922032549785
34.7,13.417135159600306
1.0,29.92622974206939
1.4,27.44964970362624
1.0,22.78361307582917
1.0,24.284393599811384
3.0,29.407782925655802
1.0,21.491121605269672
5.0,24.78119182508995
3.2,26.953738623984865
0.5,23.374405307627427
3.2,19.87524720924508
24.7,16.1081428952105
8.5,26.04094430879819
2.4,20.345818523061617
3.6,24.341654982945993
4.1,25.453184393721294
10.8,22.837765343766478
8.5,22.375969239811898
3.7,26.645181300763298
9.1,22.84423554614329
18.9,25.03632592095195
58.5,26.36005686332111
22.0,20.71587223814734
1.3,26.204489813416526
1.0,25.788242175179732
3.5,26.99559683218404
16.3,26.600495162776635
21.0,35.6436971793628
13.1,24.942282776802493
12.9,27.07597532567412
3.1,25.54974225075029
1.7,25.92614886380523
7.0,24.84385221340421
6.4,34.30036366499101
1.1,33.237440292145585
2.5,30.033450572638856
4.6,28.188297624914423
3.7,27.79309017995039
10.9,35.78265047077345
15.7,26.803195738009972
9.7,29.25122292427148
2.1,27.932127295038697
1.0,29.65995997456999
13.0,31.251094712681304
16.5,25.49143057010794
2.2,31.48738084451466
5.2,27.689747385480196
17.8,18.75686735256908
3.9,22.548878988864484
3.1,26.778321002945386
2.0,24.616417834685592
4.4,25.363871680572622
3.2,22.129966831905257
10.6,28.59007169012495
28.2,25.494850361356832
3.0,25.35830924356084
4.0,20.432830001215425
2.2,15.626962133417202
3.1,21.39210036877413
19.7,22.1424904815634
4.9,27.33232447173062
6.2,18.717610199224183
3.2,21.990849670175148
3.0,25.01109471390871
0.8,15.670416312458352
11.4,24.126720023543886
13.1,24.61581653017358
11.9,25.67704321165085
23.0,21.004246661909736
3.9,25.520159842692134
14.3,24.857597864478805
0.8,15.822790957452566
9.0,23.96043172760742
15.3,27.760388550511113
7.4,25.089135603681164
9.6,16.447694875498488
2.0,22.680771708460615
2.1,29.18251719422876
1.4,27.66498333419381
2.2,21.804238439452728
2.0,21.29551622117274
0.0,20.574634267303114
0.0,17.951359156358475
2.0,19.439940172142713
43.1,18.517985435393847
65.1,18.518495249988693
3.4,19.342841574005593
0.0,16.314200945419138
2.0,15.774177960728752
0.0,20.250881847391266
1.5,25.395151966916302
1.8,24.28600858687005
2.1,16.641437701955148
4.1,18.57321525053364
12.4,26.183936519996525
108.3,21.42327276928638
29.9,19.686206602151586
1.3,15.330458581363906
8.2,21.653256674190356
2.0,18.71104885969229
10.6,12.161395480911274
2.1,19.40618593093943
1.0,3.6630882696868596
2.0,20.013977020358315
1.0,17.737978307182317
2.0,11.872807144748965
0.0,16.107326995540465
6.4,15.406212018037303
3.2,14.076583713486473
2.0,15.126698640423037
1.0,19.46639831967842
3.8,16.379629393050646
1.2,14.160195972519237
5.0,13.643487896098474
1.0,12.247654483349285
1.0,16.912735559824146
3.1,16.655891754222374
3.3,15.476717324674919
2.3,21.04233446561357
1.0,8.993964646555133
0.0,9.050352684512486
3.3,13.16461368047111
1.7,16.503425800424925
1.0,6.879859224021213
3.0,23.221335010295668
2.0,19.13527553714455
4.0,15.855340336032224
2.5,15.243074385752719
1.2,10.198772424174777
1.0,11.652995346369778
1.0,11.130042563142714
2.0,12.43384254196352
2.0,3.705108064567904
1.1,4.517764010026481
9.5,10.462132437552793
3.1,2.33290403664453
2.0,9.094060377878941
3.8,7.35030607649284
3.0,3.60333665577787
8.6,3.942694441504675
1.2,8.683350355555504
22.0,17.45123879358835
14.6,8.069290610220541
1.1,2.746739862756418
3.0,0.4675913823237554
0.0,1.9457992704055336
2.0,11.804976842041565
2.0,7.182476002149981
3.2,16.14853304040874
5.5,8.427804607616046
5.5,1.647601817415798
5.0,2.682828955345929
4.1,5.693317002381629
2.0,6.10314471341294
0.1,4.95886035636533
13.5,7.679015827271231
5.2,10.239526357423376
2.5,2.6371561710245874
2.1,6.756408766396068
3.0,-3.1466311936314098
2.0,2.008758814081185
5.0,-5.345132503927383
3.0,-1.6881617694209967
5.1,3.046388566100473
5.4,3.8290982584182855
1.2,0.34126328520438154
0.0,6.379119614635084
2.1,6.5035086854709
2.4,4.982451365220977
2.0,2.8237772502952856
2.0,4.548401250663247
3.2,11.55511555762615
1.4,1.8717597496221923
2.0,5.4333758132294605
2.1,2.3487451653591327
4.1,0.47178961443674156
1.1,-2.1379515670795826
1.7,2.2420867442479038
1.0,0.2523714300445219
0.0,-0.7537954246807512
1.1,0.7915365817694227
1.0,4.35158088408357
1.0,0.9771192142886429
12.2,2.0245326253233964
0.9,1.3610446675283452
3.1,3.1129965493013083
2.0,3.613394243039083
2.0,-1.8082191177860025
1.0,2.0184189031346773
1.0,0.6845654744564476
3.0,4.843564854961075
10.0,-0.16524927978555226
42.8,4.587595438668857
6.5,1.9630537914160922
5.0,3.0255373467242315
3.0,-4.8090527047453016
4.0,4.351339999961195
2.0,7.893107413593616
1.0,-1.4460439403638432
2.0,-3.057544473352719
1.0,-0.19798499362447608
2.0,-0.7985043053396377
2.3,0.5425800232504417
1.8,3.985406603770768
0.1,1.0610024898899144
0.0,1.325142576917724
3.0,0.31710170830419904
6.2,3.4458449309175916
7.1,8.424102811934679
3.3,2.496242241982786
1.1,1.8630444372426087
5.6,2.197498081113065
17.2,7.619468275805858
2.9,5.664405873617725
1.6,5.00042178527257
4.9,4.203337702047001
1.0,4.120900700436535
1.0,5.931775866958193
2.0,0.9925278477469572
1.0,4.784352483945026
2.3,1.9650267004267252
5.0,-0.592764935715147
1.0,-6.960185348153383
1.0,4.347306961343793
1.2,2.963295149373836
3.1,3.7715760485782255
0.0,3.8802414178835276
1.1,2.301806100685481
18.6,10.513382389450506
2.1,10.954327048023856
0.0,9.262646002690564
1.5,1.0435752781573076
7.5,1.0819760582000766
2.0,-3.2932834863957208
0.0,-7.622073206055694
2.0,0.6595139116341233
1.0,4.92261354978875
2.6,8.044756870256329
3.6,4.483614359383484
1.0,7.849041954730751
3.2,3.293687514696487
28.1,8.519263593830434
4.5,5.700593441403135
0.1,9.821142717225744
2.7,4.179758452982044
0.0,9.126819227030213
4.1,3.414811862874516
0.1,-0.02237400395001643
0.1,6.457229576958636
2.0,7.316563946591025
0.0,10.109229687854866
1.0,2.18636209845773
4.6,5.117928161029333
1.0,8.01391471286623
7.2,6.316902829372792
10.1,10.542477988730566
1.0,7.320777399719601
3.0,8.04384671735175
1.0,3.1047404530436036
0.0,5.433809464566404
2.3,5.67700560689493
1.3,6.7603522531414155
1.1,10.737691191344299
1.0,8.359170667776407
4.0,9.61717129234423
0.0,9.461365750891584
2.3,8.332895692382792
3.0,9.128697334988836
1.0,9.697156764057963
2.0,9.860593974556053
0.0,14.490281325129398
7.0,9.384328821958709
5.6,8.158586374454782
4.0,8.78385557709689
2.1,2.0752463385180357
2.0,10.570007038886496
0.0,12.310337606945339
3.7,12.703793843080598
2.0,9.8798399311718
1.0,9.354536031738391
1.0,5.229201518171376
0.0,4.602093386187287
1.0,11.424096458139008
1.1,10.389953292923888
1.1,8.929657366615473
1.0,15.493474586700783
0.0,6.023671669253172
4.2,7.327010862317149
4.2,6.617240763431273
3.0,2.5971101840656603
3.0,8.628042241771066
0.0,18.138652493959988
2.0,11.164625046592292
14.1,10.77872266788827
2.7,7.591798748475901
21.5,11.091655132082067
2.5,13.58174185819537
1.0,9.050898807738841
3.0,9.181188394698555
0.0,7.623127346154456
2.0,8.987680157725837
0.0,13.043745135900947
2.2,14.287168685293494
2.1,10.32874294134073
1.0,13.976600762616135
3.0,21.082450436582143
2.0,19.419627711954377
1.0,22.388861811349326
1.4,20.764199123700642
13.4,22.80832932137502
1.0,20.943785990022896
4.3,18.356314151920866
1.0,23.085951830118702
2.0,15.758335322502306
7.7,18.09052378566519
34.7,13.136345377691024
0.4,16.677618645062115
2.3,20.069860673602108
2.2,15.090591864056803
1.0,20.152928405723003
1.0,15.363527163686019
19.2,17.975055663101625
0.5,21.632219137498417
3.0,17.577446825687318
17.6,21.582515913897435
9.7,11.479394338405221
0.4,17.57684725841145
0.0,22.75209880622503
1.1,16.11571768906104
1.1,11.741495972285517
6.8,19.46155252075032
1.0,17.944940904275573
1.4,20.40173599861392
2.0,22.553102136067974
4.0,20.22694408494192
3.0,23.39461246895897
1.0,18.921637387101946
3.1,16.16155168319452
5.3,20.327971513180362
3.5,17.239400044146855
0.2,22.688714587139433
0.0,21.299819540239678
3.0,19.414676602742855
2.6,20.984898862599124
1.0,19.795071755406877
3.0,22.386284173812832
1.0,27.610685574737445
15.8,24.02604234918352
13.8,25.111242802672646
16.0,24.389635039636296
20.3,28.16668486618932
19.4,20.414755199486798
3.0,25.349368361383622
2.0,19.687861221829593
1.1,23.321846502006544
19.6,24.22046448016107
2.2,23.892684989395956
0.1,17.754127700098962
4.3,22.59995693744947
0.0,24.412546015193392
3.0,20.34265831265388
24.9,21.62861505408529
3.8,27.641094066967522
1.3,25.54627092774297
1.1,24.0199644111151
1.0,25.46970154813354
41.2,14.155838699888394
29.9,25.288053426637653
4.1,24.219389282740494
3.2,22.857447109806596
6.3,24.436702523304056
0.5,16.695071670721507
2.1,23.05932747748663
7.9,25.175273573992747
1.1,25.55848999036722
2.0,24.97463879587633
1.6,23.2865124706418
33.2,24.63691509137691
1.0,22.167316946060215
29.9,24.85142337574639
85.2,19.027752293691183
9.7,19.591292235596026
6.3,18.595838982580833
1.7,24.944826337488774
3.5,23.906613220403376
5.3,25.962940248291353
5.6,22.249754969821158
9.4,31.273985273265538
6.8,26.847984326251314
30.6,26.70995787890166
72.0,26.207311597316828
25.2,15.27286084272044
12.2,18.008614152452072
2.5,16.044407198637813
11.7,22.607951197793906
14.2,25.297219249532297
34.5,21.62092213759982
35.7,25.057422776280355
4.9,27.94848357543586
10.8,24.733833394645707
22.0,29.56705417394155
26.1,26.002103930976077
15.3,29.50750639444486
19.4,32.94168535616616
30.8,33.10265442381524
45.8,21.466995049918044
68.8,24.98236349109335
26.8,26.369387287151763
36.0,25.623744601704253
34.0,24.721589820763537
7.2,24.278349588610702
1.0,27.37218198488155
1.5,30.448669806892127
10.5,25.971506151257522
1.0,31.505169341667486
3.0,29.09851782801024
1.0,25.94538200292216
1.0,25.896865109291717
1.3,30.999817913699403
1.1,24.146654886509438
9.6,22.577198038613755
3.1,26.00928636720484
2.0,29.809292086550315
0.3,28.50273522278628
20.2,26.141283997810202
12.9,27.13233506988672
16.5,31.52370118496822
13.9,25.82667291106278
7.8,31.602621084322102
5.7,26.833965862109057
2.4,25.18096288072299
49.6,26.734313070572277
46.2,27.655250302586502
3.1,23.433386139623842
4.7,17.75460791868497
17.1,17.94365748030811
66.8,17.59279595200308
3.3,21.0115391120165
7.9,23.89454867480542
1.7,25.50650559854194
10.7,20.829721621925597
10.2,21.03182995015158
5.2,22.057047919179297
3.0,21.511636086446234
1.0,25.30655049403479
5.2,22.44741475797957
3.7,21.85794078731302
0.9,16.966571880428894
1.9,14.615547931752477
1.0,15.56941481260458
2.0,18.704575696105305
0.0,16.514434700620317
0.1,17.553655276220976
0.7,22.0119927540726
1.9,21.458861579550536
2.4,16.734070693031615
1.2,21.688972972298338
1.0,17.260353031050954
1.0,14.915046387335018
5.2,17.282141975137655
